-- ================================================================
--  BOOKSHOP MANAGEMENT SYSTEM – SAMPLE DATA
--  Designed & Developed by: A.K. Sarangi
--  Developer URL: https://aksarangi.netlify.app/
-- ================================================================

SET NAMES utf8mb4;
SET FOREIGN_KEY_CHECKS = 0;

USE bookshop_db;

-- ----------------------------
-- TABLE: CATEGORIES
-- ----------------------------
INSERT INTO categories (category_id, name, description, created_at) VALUES
(1, 'Scientific & Technical', 'Books on Science and Technology', NOW()),
(2, 'Odia Literature', 'Books in Odia language', NOW()),
(3, 'Bengali Literature', 'Books in Bengali language', NOW()),
(4, 'Hindi Literature', 'Books in Hindi language', NOW()),
(5, 'Sanskrit Literature', 'Books in Sanskrit', NOW()),
(6, 'Other Domains', 'Other genres and domains', NOW());

-- ----------------------------
-- TABLE: BOOKS – Scientific & Technical
-- ----------------------------
INSERT INTO books (book_id, title, author_id, publisher_id, category_id, language, isbn, publication_year, price, stock, description, created_at) VALUES
(1, 'Raman Effect and its Applications', 1, 1, 1, 'English', '9788172345670', 1930, 750.00, 20, 'Comprehensive study on Raman Effect', NOW()),
(2, 'Principles of Nuclear Physics', 2, 2, 1, 'English', '9788172345671', 1940, 800.00, 15, 'Homi Bhabha on nuclear physics', NOW()),
(3, 'Bose-Einstein Statistics Explained', 3, 3, 1, 'English', '9788172345672', 1925, 650.00, 25, 'Introduction to Bose-Einstein Statistics', NOW()),
(4, 'Astrophysics and Ionization', 4, 4, 1, 'English', '9788172345673', 1930, 700.00, 18, 'Meghnad Saha on astrophysics', NOW()),
(5, 'Space Science in India', 5, 1, 1, 'English', '9788172345674', 1960, 850.00, 12, 'Vikram Sarabhai contributions', NOW()),
(6, 'Wings of Fire', 6, 5, 1, 'English', '9788172345675', 1999, 500.00, 30, 'Autobiography of A.P.J. Abdul Kalam', NOW()),
(7, 'Wireless Communication Fundamentals', 7, 2, 1, 'English', '9788172345676', 1900, 600.00, 20, 'Jagadish Chandra Bose on wireless', NOW()),
(8, 'Chandrasekhar Limit and Stars', 8, 3, 1, 'English', '9788172345677', 1931, 700.00, 15, 'S. Chandrasekhar on stellar structure', NOW()),
(9, 'Statistical Methods in India', 9, 4, 1, 'English', '9788172345678', 1935, 650.00, 22, 'P.C. Mahalanobis on statistics', NOW()),
(10, 'Green Revolution Insights', 10, 5, 1, 'English', '9788172345679', 1970, 750.00, 18, 'M.S. Swaminathan and agriculture', NOW());

-- ----------------------------
-- TABLE: BOOKS – Odia Literature
-- ----------------------------
INSERT INTO books (book_id, title, author_id, publisher_id, category_id, language, isbn, publication_year, price, stock, description, created_at) VALUES
(11, 'Collected Poems of Fakir Mohan Senapati', 11, 10, 2, 'Odia', '9788172345680', 1900, 400.00, 15, 'Fakir Mohan Senapati poetry collection', NOW()),
(12, 'Stories of Madhusudan Rao', 12, 1, 2, 'Odia', '9788172345681', 1910, 420.00, 12, 'Short stories and essays', NOW()),
(13, 'Gopinath Mohanty – Selected Works', 13, 11, 2, 'Odia', '9788172345682', 1940, 450.00, 10, 'Famous novels and stories', NOW()),
(14, 'Surendra Mohanty Novella Collection', 14, 12, 2, 'Odia', '9788172345683', 1950, 430.00, 15, 'Novellas by Surendra Mohanty', NOW()),
(15, 'Essays of Jagannath Prasad Das', 15, 12, 2, 'Odia', '9788172345684', 1960, 400.00, 12, 'Odia literary essays', NOW()),
(16, 'Manoj Das – Stories', 16, 1, 2, 'Odia', '9788172345685', 1975, 480.00, 14, 'Selected stories of Manoj Das', NOW()),
(17, 'Pratibha Ray – Selected Works', 17, 12, 2, 'Odia', '9788172345686', 1980, 500.00, 10, 'Novels and short stories', NOW()),
(18, 'Kalinath Rath Poetry', 18, 11, 2, 'Odia', '9788172345687', 1925, 420.00, 18, 'Poetry by Kalinath Rath', NOW()),
(19, 'Kuntala Kumari Sabat Poems', 19, 11, 2, 'Odia', '9788172345688', 1935, 400.00, 20, 'Selected poems', NOW()),
(20, 'Nanda Kishore Bal – Works', 20, 16, 2, 'Odia', '9788172345689', 1945, 450.00, 12, 'Odia literature works', NOW());

-- ----------------------------
-- TABLE: BOOKS – Scientific & Technical (continued)
-- ----------------------------
INSERT INTO books (book_id, title, author_id, publisher_id, category_id, language, isbn, publication_year, price, stock, description, created_at) VALUES
(21, 'Atomic Structure and Quantum Mechanics', 1, 1, 1, 'English', '9788172345690', 1935, 780.00, 15, 'C.V. Raman explains quantum concepts', NOW()),
(22, 'Nuclear Physics Fundamentals', 2, 2, 1, 'English', '9788172345691', 1945, 820.00, 12, 'Homi Bhabha nuclear principles', NOW()),
(23, 'Statistical Mechanics', 3, 3, 1, 'English', '9788172345692', 1930, 680.00, 18, 'Bose-Einstein statistics applications', NOW()),
(24, 'Astrophysics Simplified', 4, 4, 1, 'English', '9788172345693', 1935, 710.00, 20, 'Saha on astrophysical concepts', NOW()),
(25, 'Indian Space Program', 5, 1, 1, 'English', '9788172345694', 1965, 880.00, 10, 'Vikram Sarabhai’s vision', NOW()),
(26, 'Ignited Minds', 6, 5, 1, 'English', '9788172345695', 2002, 520.00, 25, 'Kalam on inspiring youth', NOW()),
(27, 'Wireless Science', 7, 2, 1, 'English', '9788172345696', 1905, 610.00, 15, 'Bose on wireless experiments', NOW()),
(28, 'Stars and Chandrasekhar Limit', 8, 3, 1, 'English', '9788172345697', 1932, 720.00, 18, 'Chandrasekhar on stellar evolution', NOW()),
(29, 'Applied Statistics', 9, 4, 1, 'English', '9788172345698', 1940, 670.00, 16, 'Mahalanobis statistical applications', NOW()),
(30, 'Sustainable Agriculture', 10, 5, 1, 'English', '9788172345699', 1975, 760.00, 12, 'M.S. Swaminathan on Green Revolution', NOW());

-- ----------------------------
-- TABLE: BOOKS – Odia Literature (continued)
-- ----------------------------
INSERT INTO books (book_id, title, author_id, publisher_id, category_id, language, isbn, publication_year, price, stock, description, created_at) VALUES
(31, 'Chha Mana Atha Guntha', 13, 11, 2, 'Odia', '9788172345700', 1940, 480.00, 14, 'Novel by Gopinath Mohanty', NOW()),
(32, 'Amrutara Santan', 13, 11, 2, 'Odia', '9788172345701', 1950, 500.00, 10, 'Another classic by Gopinath Mohanty', NOW()),
(33, 'Maa', 14, 12, 2, 'Odia', '9788172345702', 1955, 450.00, 12, 'Surendra Mohanty novella', NOW()),
(34, 'Nilasaila', 14, 12, 2, 'Odia', '9788172345703', 1960, 470.00, 10, 'Surendra Mohanty novel', NOW()),
(35, 'Yajnaseni', 15, 12, 2, 'Odia', '9788172345704', 1965, 420.00, 15, 'Odia literature adaptation', NOW()),
(36, 'Jeebanara Dasaka', 16, 1, 2, 'Odia', '9788172345705', 1970, 490.00, 12, 'Stories by Manoj Das', NOW()),
(37, 'Pratibha Ray – Novel Collection', 17, 12, 2, 'Odia', '9788172345706', 1985, 510.00, 10, 'Selected works', NOW()),
(38, 'Kabita Sankalan', 18, 11, 2, 'Odia', '9788172345707', 1930, 430.00, 15, 'Poetry by Kalinath Rath', NOW()),
(39, 'Kuntala Kumari Sabat – Poems', 19, 11, 2, 'Odia', '9788172345708', 1935, 400.00, 18, 'Selected poems', NOW()),
(40, 'Nanda Kishore Bal – Poetry Works', 20, 16, 2, 'Odia', '9788172345709', 1940, 450.00, 12, 'Literary works', NOW()),
(41, 'Matira Manisha', 13, 11, 2, 'Odia', '9788172345710', 1945, 480.00, 10, 'Gopinath Mohanty novel', NOW()),
(42, 'Amrutara Santan Vol.2', 13, 11, 2, 'Odia', '9788172345711', 1952, 500.00, 10, 'Follow-up volume', NOW()),
(43, 'Jivana Yatra', 14, 12, 2, 'Odia', '9788172345712', 1962, 470.00, 12, 'Surendra Mohanty novella', NOW()),
(44, 'Bhumi Putra', 15, 12, 2, 'Odia', '9788172345713', 1968, 420.00, 15, 'Odia adaptation', NOW()),
(45, 'Manoj Das – Short Stories', 16, 1, 2, 'Odia', '9788172345714', 1975, 490.00, 12, 'Stories collection', NOW());

-- ----------------------------
-- TABLE: BOOKS – Scientific & Technical (continued)
-- ----------------------------
INSERT INTO books (book_id, title, author_id, publisher_id, category_id, language, isbn, publication_year, price, stock, description, created_at) VALUES
(46, 'Fundamentals of Physics', 1, 1, 1, 'English', '9788172345715', 1931, 750.00, 18, 'C.V. Raman physics concepts', NOW()),
(47, 'Advanced Nuclear Physics', 2, 2, 1, 'English', '9788172345716', 1942, 820.00, 12, 'Homi Bhabha detailed study', NOW()),
(48, 'Quantum Theory Basics', 3, 3, 1, 'English', '9788172345717', 1928, 670.00, 20, 'Bose on quantum mechanics', NOW()),
(49, 'Astrophysics Handbook', 4, 4, 1, 'English', '9788172345718', 1938, 710.00, 15, 'Meghnad Saha comprehensive guide', NOW()),
(50, 'Space Science Fundamentals', 5, 1, 1, 'English', '9788172345719', 1962, 860.00, 10, 'Vikram Sarabhai core work', NOW()),
(51, 'Kalam’s Vision', 6, 5, 1, 'English', '9788172345720', 2005, 500.00, 25, 'Autobiography insights', NOW()),
(52, 'Wireless Research', 7, 2, 1, 'English', '9788172345721', 1910, 600.00, 18, 'Bose wireless studies', NOW()),
(53, 'Stars and Physics', 8, 3, 1, 'English', '9788172345722', 1935, 720.00, 15, 'Chandrasekhar stellar research', NOW()),
(54, 'Indian Statistics', 9, 4, 1, 'English', '9788172345723', 1942, 680.00, 20, 'Mahalanobis statistical applications', NOW()),
(55, 'Agriculture & Green Revolution', 10, 5, 1, 'English', '9788172345724', 1978, 770.00, 12, 'M.S. Swaminathan work', NOW()),
(56, 'Optics in Modern Physics', 1, 1, 1, 'English', '9788172345725', 1932, 740.00, 18, 'C.V. Raman optical studies', NOW()),
(57, 'Nuclear Reactions', 2, 2, 1, 'English', '9788172345726', 1946, 830.00, 15, 'Homi Bhabha research', NOW()),
(58, 'Bose Statistics Advanced', 3, 3, 1, 'English', '9788172345727', 1931, 690.00, 20, 'Advanced Bose applications', NOW()),
(59, 'Ionization & Stars', 4, 4, 1, 'English', '9788172345728', 1936, 720.00, 15, 'Saha astrophysics studies', NOW()),
(60, 'Indian Space Achievements', 5, 1, 1, 'English', '9788172345729', 1968, 880.00, 10, 'Sarabhai achievements', NOW()),
(61, 'Wings of Fire – Youth Edition', 6, 5, 1, 'English', '9788172345730', 2007, 520.00, 20, 'Kalam inspiration', NOW()),
(62, 'Radio Science', 7, 2, 1, 'English', '9788172345731', 1915, 610.00, 18, 'Bose pioneering research', NOW()),
(63, 'Stellar Physics', 8, 3, 1, 'English', '9788172345732', 1938, 730.00, 15, 'Chandrasekhar contributions', NOW()),
(64, 'Applied Statistics in India', 9, 4, 1, 'English', '9788172345733', 1945, 680.00, 22, 'Mahalanobis applications', NOW()),
(65, 'Modern Agriculture Techniques', 10, 5, 1, 'English', '9788172345734', 1980, 780.00, 12, 'Swaminathan methods', NOW()),
(66, 'Physics for Beginners', 1, 1, 1, 'English', '9788172345735', 1933, 750.00, 18, 'Introductory concepts', NOW()),
(67, 'Advanced Nuclear Studies', 2, 2, 1, 'English', '9788172345736', 1948, 820.00, 12, 'Homi Bhabha nuclear concepts', NOW()),
(68, 'Quantum Mechanics for India', 3, 3, 1, 'English', '9788172345737', 1932, 670.00, 20, 'Bose advanced quantum theory', NOW()),
(69, 'Astrophysics Essentials', 4, 4, 1, 'English', '9788172345738', 1939, 710.00, 15, 'Saha key concepts', NOW()),
(70, 'Indian Space Development', 5, 1, 1, 'English', '9788172345739', 1969, 860.00, 10, 'Sarabhai achievements overview', NOW());

-- ----------------------------
-- TABLE: BOOKS – Odia Literature (continued)
-- ----------------------------
INSERT INTO books (book_id, title, author_id, publisher_id, category_id, language, isbn, publication_year, price, stock, description, created_at) VALUES
(71, 'Amrutara Santan Vol.3', 13, 11, 2, 'Odia', '9788172345740', 1955, 500.00, 10, 'Third volume of Amrutara Santan', NOW()),
(72, 'Chha Mana Atha Guntha – Complete', 13, 11, 2, 'Odia', '9788172345741', 1945, 480.00, 12, 'Complete novel by Gopinath Mohanty', NOW()),
(73, 'Jibana Yatra – Part II', 14, 12, 2, 'Odia', '9788172345742', 1965, 470.00, 12, 'Sequel novella', NOW()),
(74, 'Bhumi Putra – Extended', 15, 12, 2, 'Odia', '9788172345743', 1970, 420.00, 15, 'Extended edition', NOW()),
(75, 'Manoj Das – Short Stories Vol.2', 16, 1, 2, 'Odia', '9788172345744', 1980, 490.00, 12, 'Second collection', NOW()),
(76, 'Pratibha Ray – Novel Vol.2', 17, 12, 2, 'Odia', '9788172345745', 1988, 510.00, 10, 'Second collection', NOW()),
(77, 'Kabita Sankalan Vol.2', 18, 11, 2, 'Odia', '9788172345746', 1940, 430.00, 15, 'Poetry continued', NOW()),
(78, 'Kuntala Kumari Sabat – Selected Poems Vol.2', 19, 11, 2, 'Odia', '9788172345747', 1942, 400.00, 18, 'Poems collection', NOW()),
(79, 'Nanda Kishore Bal – Works Vol.2', 20, 16, 2, 'Odia', '9788172345748', 1948, 450.00, 12, 'Second set of works', NOW()),
(80, 'Fakir Mohan Senapati – Complete Stories', 11, 1, 2, 'Odia', '9788172345749', 1905, 400.00, 15, 'All stories compiled', NOW()),
(81, 'Madhusudan Rao – Collected Essays', 12, 1, 2, 'Odia', '9788172345750', 1915, 420.00, 12, 'Complete essays', NOW()),
(82, 'Gopinath Mohanty – Anthology', 13, 11, 2, 'Odia', '9788172345751', 1942, 480.00, 10, 'Selected novels and stories', NOW()),
(83, 'Surendra Mohanty – Novella Collection Vol.2', 14, 12, 2, 'Odia', '9788172345752', 1955, 470.00, 12, 'Second collection', NOW()),
(84, 'Jagannath Prasad Das – Essays Vol.2', 15, 12, 2, 'Odia', '9788172345753', 1965, 420.00, 15, 'Collected essays', NOW()),
(85, 'Manoj Das – Stories Vol.3', 16, 1, 2, 'Odia', '9788172345754', 1978, 490.00, 12, 'Third volume', NOW()),
(86, 'Pratibha Ray – Selected Works Vol.3', 17, 12, 2, 'Odia', '9788172345755', 1990, 510.00, 10, 'Third volume', NOW()),
(87, 'Kalinath Rath – Poetry Complete', 18, 11, 2, 'Odia', '9788172345756', 1932, 430.00, 15, 'Complete poems', NOW()),
(88, 'Kuntala Kumari Sabat – Complete Poems', 19, 11, 2, 'Odia', '9788172345757', 1938, 400.00, 18, 'All selected poems', NOW()),
(89, 'Nanda Kishore Bal – Complete Works', 20, 16, 2, 'Odia', '9788172345758', 1945, 450.00, 12, 'All works in one', NOW()),
(90, 'Fakir Mohan Senapati – Anthology', 11, 1, 2, 'Odia', '9788172345759', 1910, 400.00, 15, 'Complete anthology', NOW()),
(91, 'Madhusudan Rao – Essays Compiled', 12, 1, 2, 'Odia', '9788172345760', 1920, 420.00, 12, 'Compiled essays', NOW()),
(92, 'Gopinath Mohanty – Stories Vol.2', 13, 11, 2, 'Odia', '9788172345761', 1945, 480.00, 10, 'Second volume', NOW()),
(93, 'Surendra Mohanty – Novellas Complete', 14, 12, 2, 'Odia', '9788172345762', 1960, 470.00, 12, 'All novellas', NOW()),
(94, 'Jagannath Prasad Das – Essays Complete', 15, 12, 2, 'Odia', '9788172345763', 1970, 420.00, 15, 'Complete essays', NOW()),
(95, 'Manoj Das – Complete Stories', 16, 1, 2, 'Odia', '9788172345764', 1985, 490.00, 12, 'Complete collection', NOW()),
(96, 'Pratibha Ray – Novel Compilation', 17, 12, 2, 'Odia', '9788172345765', 2, 510.00, 10, 'All novels compiled', NOW()),
(97, 'Kalinath Rath – Collected Poems', 18, 11, 2, 'Odia', '9788172345766', 1935, 430.00, 15, 'Collected poems', NOW()),
(98, 'Kuntala Kumari Sabat – Anthology', 19, 11, 2, 'Odia', '9788172345767', 1940, 400.00, 18, 'Complete anthology', NOW()),
(99, 'Nanda Kishore Bal – Selected Works', 20, 16, 2, 'Odia', '9788172345768', 1948, 450.00, 12, 'Selected works', NOW()),
(100, 'Fakir Mohan Senapati – Stories Complete', 11, 1, 2, 'Odia', '9788172345769', 1915, 400.00, 15, 'All stories in collection', NOW()),
(101, 'Madhusudan Rao – Essays Vol.3', 12, 1, 2, 'Odia', '9788172345770', 1925, 420.00, 12, 'Third volume of essays', NOW()),
(102, 'Gopinath Mohanty – Anthology Vol.3', 13, 11, 2, 'Odia', '9788172345771', 1950, 480.00, 10, 'Third anthology', NOW()),
(103, 'Surendra Mohanty – Novellas Vol.3', 14, 12, 2, 'Odia', '9788172345772', 1965, 470.00, 12, 'Third volume', NOW()),
(104, 'Jagannath Prasad Das – Essays Vol.3', 15, 12, 2, 'Odia', '9788172345773', 1975, 420.00, 15, 'Third set of essays', NOW()),
(105, 'Manoj Das – Stories Vol.4', 16, 1, 2, 'Odia', '9788172345774', 1988, 490.00, 12, 'Fourth collection', NOW()),
(106, 'Pratibha Ray – Novel Vol.4', 17, 12, 2, 'Odia', '9788172345775', 1995, 510.00, 10, 'Fourth volume', NOW()),
(107, 'Kalinath Rath – Complete Poetry', 18, 11, 2, 'Odia', '9788172345776', 1938, 430.00, 15, 'Full poetry collection', NOW()),
(108, 'Kuntala Kumari Sabat – Poetry Complete', 19, 11, 2, 'Odia', '9788172345777', 1945, 400.00, 18, 'Full anthology', NOW()),
(109, 'Nanda Kishore Bal – Complete Anthology', 20, 16, 2, 'Odia', '9788172345778', 1950, 450.00, 12, 'Complete anthology of works', NOW()),
(110, 'Fakir Mohan Senapati – Stories Vol.2', 11, 1, 2, 'Odia', '9788172345779', 1920, 400.00, 15, 'Second volume of stories', NOW()),
(111, 'Madhusudan Rao – Essays Vol.4', 12, 1, 2, 'Odia', '9788172345780', 1930, 420.00, 12, 'Fourth volume of essays', NOW()),
(112, 'Gopinath Mohanty – Stories Vol.4', 13, 11, 2, 'Odia', '9788172345781', 1955, 480.00, 10, 'Fourth volume', NOW()),
(113, 'Surendra Mohanty – Novellas Vol.4', 14, 12, 2, 'Odia', '9788172345782', 1970, 470.00, 12, 'Fourth collection', NOW()),
(114, 'Jagannath Prasad Das – Essays Vol.4', 15, 12, 2, 'Odia', '9788172345783', 1978, 420.00, 15, 'Fourth set', NOW()),
(115, 'Manoj Das – Stories Vol.5', 16, 1, 2, 'Odia', '9788172345784', 1990, 490.00, 12, 'Fifth volume', NOW());

-- ----------------------------
-- TABLE: BOOKS – Scientific & Technical (final)
-- ----------------------------
INSERT INTO books (book_id, title, author_id, publisher_id, category_id, language, isbn, publication_year, price, stock, description, created_at) VALUES
(116, 'Modern Physics Concepts', 1, 1, 1, 'English', '9788172345785', 1935, 770.00, 15, 'C.V. Raman on modern physics', NOW()),
(117, 'Nuclear Physics Advanced', 2, 2, 1, 'English', '9788172345786', 1948, 840.00, 12, 'Homi Bhabha detailed studies', NOW()),
(118, 'Quantum Mechanics Applications', 3, 3, 1, 'English', '9788172345787', 1935, 700.00, 18, 'Bose advanced quantum applications', NOW()),
(119, 'Astrophysics in India', 4, 4, 1, 'English', '9788172345788', 1940, 730.00, 15, 'Saha astrophysics contributions', NOW()),
(120, 'Indian Space Mission', 5, 1, 1, 'English', '9788172345789', 1970, 900.00, 10, 'Vikram Sarabhai and ISRO', NOW()),
(121, 'Ignited Minds – Advanced', 6, 5, 1, 'English', '9788172345790', 2005, 550.00, 25, 'Kalam inspirational edition', NOW()),
(122, 'Wireless Innovations', 7, 2, 1, 'English', '9788172345791', 1920, 620.00, 18, 'Bose wireless research', NOW()),
(123, 'Stellar Structure Analysis', 8, 3, 1, 'English', '9788172345792', 1940, 740.00, 15, 'Chandrasekhar stellar studies', NOW()),
(124, 'Statistical Methods Applied', 9, 4, 1, 'English', '9788172345793', 1945, 690.00, 20, 'Mahalanobis applied statistics', NOW()),
(125, 'Green Revolution – Insights', 10, 5, 1, 'English', '9788172345794', 1980, 780.00, 12, 'Swaminathan agricultural methods', NOW()),
(126, 'Physics Handbook', 1, 1, 1, 'English', '9788172345795', 1938, 770.00, 18, 'C.V. Raman handbook', NOW()),
(127, 'Nuclear Reactions in India', 2, 2, 1, 'English', '9788172345796', 1950, 850.00, 12, 'Homi Bhabha nuclear research', NOW()),
(128, 'Bose Statistical Mechanics', 3, 3, 1, 'English', '9788172345797', 1938, 710.00, 18, 'Advanced Bose statistics', NOW()),
(129, 'Ionization and Stars', 4, 4, 1, 'English', '9788172345798', 1942, 740.00, 15, 'Saha stellar studies', NOW()),
(130, 'Indian Space Achievements', 5, 1, 1, 'English', '9788172345799', 1975, 920.00, 10, 'ISRO mission overview', NOW()),
(131, 'Kalam Vision for Youth', 6, 5, 1, 'English', '9788172345800', 2008, 560.00, 25, 'Youth edition', NOW()),
(132, 'Wireless Communication Research', 7, 2, 1, 'English', '9788172345801', 1925, 630.00, 18, 'Bose pioneering work', NOW()),
(133, 'Stars & Galaxies', 8, 3, 1, 'English', '9788172345802', 1945, 750.00, 15, 'Chandrasekhar galaxy research', NOW()),
(134, 'Applied Statistics Handbook', 9, 4, 1, 'English', '9788172345803', 1950, 700.00, 20, 'Mahalanobis handbook', NOW()),
(135, 'Sustainable Agriculture Techniques', 10, 5, 1, 'English', '9788172345804', 1985, 790.00, 12, 'Swaminathan techniques', NOW()),
(136, 'Physics for Young Minds', 1, 1, 1, 'English', '9788172345805', 1940, 780.00, 18, 'Introductory concepts', NOW()),
(137, 'Nuclear Physics Concepts', 2, 2, 1, 'English', '9788172345806', 1952, 860.00, 12, 'Homi Bhabha advanced', NOW()),
(138, 'Quantum Theory Insights', 3, 3, 1, 'English', '9788172345807', 1940, 720.00, 18, 'Bose quantum insights', NOW()),
(139, 'Astrophysics and Stars', 4, 4, 1, 'English', '9788172345808', 1945, 740.00, 15, 'Saha astrophysics concepts', NOW()),
(140, 'Space Program Milestones', 5, 1, 1, 'English', '9788172345809', 1978, 940.00, 10, 'ISRO achievements', NOW()),
(141, 'Kalam – Life Lessons', 6, 5, 1, 'English', '9788172345810', 2010, 570.00, 25, 'Inspirational lessons', NOW()),
(142, 'Wireless Tech Advances', 7, 2, 1, 'English', '9788172345811', 1930, 640.00, 18, 'Bose experiments', NOW()),
(143, 'Stars and Physics Insights', 8, 3, 1, 'English', '9788172345812', 1948, 760.00, 15, 'Chandrasekhar research', NOW()),
(144, 'Applied Statistics India', 9, 4, 1, 'English', '9788172345813', 1955, 710.00, 20, 'Mahalanobis applied', NOW()),
(145, 'Modern Agriculture India', 10, 5, 1, 'English', '9788172345814', 1990, 800.00, 12, 'Swaminathan agriculture', NOW()),
(146, 'Physics Fundamentals', 1, 1, 1, 'English', '9788172345815', 1945, 780.00, 18, 'C.V. Raman physics fundamentals', NOW()),
(147, 'Nuclear Physics Insights', 2, 2, 1, 'English', '9788172345816', 1955, 870.00, 12, 'Homi Bhabha insights', NOW()),
(148, 'Quantum Mechanics India', 3, 3, 1, 'English', '9788172345817', 1945, 730.00, 18, 'Bose concepts', NOW()),
(149, 'Astrophysics Essentials II', 4, 4, 1, 'English', '9788172345818', 1950, 750.00, 15, 'Saha advanced', NOW()),
(150, 'Indian Space Program Advanced', 5, 1, 1, 'English', '9788172345819', 1980, 960.00, 10, 'ISRO advanced missions', NOW());

-- ----------------------------
-- TABLE: BOOKS – Bengali Literature (first batch)
-- ----------------------------
INSERT INTO books (book_id, title, author_id, publisher_id, category_id, language, isbn, publication_year, price, stock, description, created_at) VALUES
(151, 'Pather Panchali', 21, 21, 3, 'Bengali', '9788172345820', 1929, 450.00, 12, 'Bibhutibhushan Bandopadhyay – classic novel', NOW()),
(152, 'Aparajito', 21, 21, 3, 'Bengali', '9788172345821', 1932, 460.00, 12, 'Sequel to Pather Panchali', NOW()),
(153, 'Chander Pahar', 22, 22, 3, 'Bengali', '9788172345822', 1937, 480.00, 10, 'Adventure novel by Bibhutibhushan', NOW()),
(154, 'Gora', 23, 23, 3, 'Bengali', '9788172345823', 1910, 500.00, 15, 'Rabindranath Tagore – social themes', NOW()),
(155, 'Chokher Bali', 23, 23, 3, 'Bengali', '9788172345824', 1903, 520.00, 12, 'Tagore classic novel', NOW()),
(156, 'Shesher Kobita', 23, 23, 3, 'Bengali', '9788172345825', 1929, 510.00, 15, 'Tagore novel on romance & society', NOW()),
(157, 'Debi', 24, 24, 3, 'Bengali', '9788172345826', 1910, 440.00, 12, 'Bankim Chandra Chattopadhyay classic', NOW()),
(158, 'Anandamath', 24, 24, 3, 'Bengali', '9788172345827', 1882, 480.00, 10, 'Bankim Chandra – historical novel', NOW()),
(159, 'Kapalkundala', 24, 24, 3, 'Bengali', '9788172345828', 1866, 460.00, 12, 'Chattopadhyay romantic novel', NOW()),
(160, 'Chandranath', 24, 24, 3, 'Bengali', '9788172345829', 1917, 450.00, 15, 'Chattopadhyay – literary classic', NOW()),
(161, 'Punascha', 23, 23, 3, 'Bengali', '9788172345830', 1932, 470.00, 12, 'Tagore poetry collection', NOW()),
(162, 'Gitanjali', 23, 23, 3, 'Bengali', '9788172345831', 1910, 520.00, 10, 'Tagore Nobel Prize winning poetry', NOW()),
(163, 'Jogajog', 23, 23, 3, 'Bengali', '9788172345832', 1929, 500.00, 12, 'Tagore novel on social issues', NOW()),
(164, 'Hajar Churashir Ma', 25, 25, 3, 'Bengali', '9788172345833', 1974, 480.00, 10, 'Mahasweta Devi novel on Naxalite movement', NOW()),
(165, 'Rudali', 25, 25, 3, 'Bengali', '9788172345834', 1979, 470.00, 12, 'Mahasweta Devi – short novel', NOW()),
(166, 'Aranyer Din Ratri', 26, 21, 3, 'Bengali', '9788172345835', 1970, 450.00, 15, 'Satyajit Ray – short stories', NOW()),
(167, 'Feluda Series: Sonar Kella', 26, 21, 3, 'Bengali', '9788172345836', 1971, 500.00, 12, 'Detective Feluda novel', NOW()),
(168, 'Feluda Series: Joi Baba Felunath', 26, 21, 3, 'Bengali', '9788172345837', 1975, 500.00, 12, 'Detective Feluda novel', NOW()),
(169, 'Char Adhyay', 23, 23, 3, 'Bengali', '9788172345838', 1934, 480.00, 10, 'Tagore novel on political unrest', NOW()),
(170, 'Pather Dabi', 24, 24, 3, 'Bengali', '9788172345839', 1926, 470.00, 12, 'Chattopadhyay nationalist novel', NOW()),
(171, 'Shesher Kabita – Sequel', 23, 23, 3, 'Bengali', '9788172345840', 1930, 510.00, 12, 'Tagore continuation novel', NOW()),
(172, 'Sei Somoy', 27, 27, 3, 'Bengali', '9788172345841', 1988, 450.00, 15, 'Sunil Gangopadhyay historical novel', NOW()),
(173, 'Prothom Alo', 27, 27, 3, 'Bengali', '9788172345842', 1985, 470.00, 12, 'Sunil Gangopadhyay novel', NOW()),
(174, 'Arjun', 27, 27, 3, 'Bengali', '9788172345843', 1980, 460.00, 12, 'Gangopadhyay – literary fiction', NOW()),
(175, 'Sei Somoy Vol.2', 27, 27, 3, 'Bengali', '9788172345844', 1989, 450.00, 10, 'Historical continuation', NOW()),
(176, 'Ranga Pather', 28, 28, 3, 'Bengali', '9788172345845', 1950, 440.00, 15, 'Bimal Mitra – novel', NOW()),
(177, 'Saheb Bibi Golam', 28, 28, 3, 'Bengali', '9788172345846', 1953, 470.00, 12, 'Bimal Mitra classic', NOW()),
(178, 'Srikanta', 29, 29, 3, 'Bengali', '9788172345847', 1917, 450.00, 12, 'Sarat Chandra Chattopadhyay novel', NOW()),
(179, 'Devdas', 29, 29, 3, 'Bengali', '9788172345848', 1917, 480.00, 10, 'Sarat Chandra – famous tragic novel', NOW()),
(180, 'Parineeta', 29, 29, 3, 'Bengali', '9788172345849', 1914, 460.00, 12, 'Sarat Chandra – early work', NOW());

-- ----------------------------
-- TABLE: BOOKS – Bengali Literature (final batch)
-- ----------------------------
INSERT INTO books (book_id, title, author_id, publisher_id, category_id, language, isbn, publication_year, price, stock, description, created_at) VALUES
(181, 'Chokher Bali Vol.2', 23, 23, 3, 'Bengali', '9788172345850', 1905, 520.00, 12, 'Tagore novel second edition', NOW()),
(182, 'Ghare Baire', 23, 23, 3, 'Bengali', '9788172345851', 1916, 500.00, 12, 'Tagore – social and political novel', NOW()),
(183, 'Kabuliwala', 23, 23, 3, 'Bengali', '9788172345852', 1892, 450.00, 15, 'Tagore short story', NOW()),
(184, 'Balaka', 23, 23, 3, 'Bengali', '9788172345853', 1910, 470.00, 12, 'Tagore poetry collection', NOW()),
(185, 'Pratham Alo', 27, 27, 3, 'Bengali', '9788172345854', 1986, 450.00, 12, 'Sunil Gangopadhyay novel', NOW()),
(186, 'Sei Somoy Vol.3', 27, 27, 3, 'Bengali', '9788172345855', 1990, 470.00, 12, 'Continuation of historical novel', NOW()),
(187, 'Arjun Vol.2', 27, 27, 3, 'Bengali', '9788172345856', 1982, 460.00, 10, 'Gangopadhyay literary fiction', NOW()),
(188, 'Ranga Pather Vol.2', 28, 28, 3, 'Bengali', '9788172345857', 1955, 440.00, 12, 'Bimal Mitra second volume', NOW()),
(189, 'Saheb Bibi Golam Vol.2', 28, 28, 3, 'Bengali', '9788172345858', 1956, 470.00, 12, 'Bimal Mitra novel continuation', NOW()),
(190, 'Srikanta Vol.2', 29, 29, 3, 'Bengali', '9788172345859', 1918, 450.00, 12, 'Sarat Chandra continuation', NOW()),
(191, 'Devdas Vol.2', 29, 29, 3, 'Bengali', '9788172345860', 1918, 480.00, 12, 'Sarat Chandra continuation', NOW()),
(192, 'Parineeta Vol.2', 29, 29, 3, 'Bengali', '9788172345861', 1915, 460.00, 12, 'Sarat Chandra second edition', NOW()),
(193, 'Arogyo', 30, 30, 3, 'Bengali', '9788172345862', 1960, 440.00, 15, 'Shakti Chattopadhyay poetry', NOW()),
(194, 'Chhayar Sopno', 30, 30, 3, 'Bengali', '9788172345863', 1965, 450.00, 12, 'Shakti Chattopadhyay collection', NOW()),
(195, 'Banalata Sen', 31, 31, 3, 'Bengali', '9788172345864', 1942, 470.00, 12, 'Jibanananda Das famous poem collection', NOW()),
(196, 'Ruposhi Bangla', 31, 31, 3, 'Bengali', '9788172345865', 1932, 480.00, 12, 'Jibanananda Das poetry', NOW()),
(197, 'Banalata Sen Vol.2', 31, 31, 3, 'Bengali', '9788172345866', 1945, 470.00, 10, 'Das continuation', NOW()),
(198, 'Ruposhi Bangla Vol.2', 31, 31, 3, 'Bengali', '9788172345867', 1935, 480.00, 12, 'Das poetry second edition', NOW()),
(199, 'Chhinnapatra', 32, 32, 3, 'Bengali', '9788172345868', 1970, 450.00, 12, 'Sunil Gangopadhyay – literary fiction', NOW()),
(200, 'Sei Somoy Vol.4', 27, 27, 3, 'Bengali', '9788172345869', 1991, 470.00, 12, 'Historical novel continuation', NOW()),
(201, 'Prothom Alo Vol.2', 27, 27, 3, 'Bengali', '9788172345870', 1987, 460.00, 12, 'Gangopadhyay literary fiction', NOW()),
(202, 'Arjun Vol.3', 27, 27, 3, 'Bengali', '9788172345871', 1983, 440.00, 12, 'Literary fiction continuation', NOW()),
(203, 'Ranga Pather Vol.3', 28, 28, 3, 'Bengali', '9788172345872', 1960, 450.00, 12, 'Bimal Mitra novel third volume', NOW()),
(204, 'Saheb Bibi Golam Vol.3', 28, 28, 3, 'Bengali', '9788172345873', 1960, 470.00, 12, 'Bimal Mitra third volume', NOW()),
(205, 'Srikanta Vol.3', 29, 29, 3, 'Bengali', '9788172345874', 1919, 450.00, 12, 'Sarat Chandra third volume', NOW()),
(206, 'Devdas Vol.3', 29, 29, 3, 'Bengali', '9788172345875', 1919, 480.00, 12, 'Sarat Chandra third volume', NOW()),
(207, 'Parineeta Vol.3', 29, 29, 3, 'Bengali', '9788172345876', 1916, 460.00, 12, 'Sarat Chandra third edition', NOW()),
(208, 'Gitanjali Vol.2', 23, 23, 3, 'Bengali', '9788172345877', 1911, 520.00, 12, 'Tagore poetry second volume', NOW()),
(209, 'Balaka Vol.2', 23, 23, 3, 'Bengali', '9788172345878', 1912, 500.00, 12, 'Tagore poetry collection', NOW()),
(210, 'Kabuliwala Vol.2', 23, 23, 3, 'Bengali', '9788172345879', 1895, 450.00, 12, 'Tagore short story second edition', NOW()),
(211, 'Char Adhyay Vol.2', 23, 23, 3, 'Bengali', '9788172345880', 1935, 480.00, 12, 'Tagore political novel', NOW()),
(212, 'Sei Somoy Vol.5', 27, 27, 3, 'Bengali', '9788172345881', 1992, 460.00, 12, 'Historical novel fifth volume', NOW()),
(213, 'Prothom Alo Vol.3', 27, 27, 3, 'Bengali', '9788172345882', 1988, 450.00, 12, 'Gangopadhyay literary fiction', NOW()),
(214, 'Arjun Vol.4', 27, 27, 3, 'Bengali', '9788172345883', 1985, 460.00, 12, 'Continuation', NOW()),
(215, 'Ranga Pather Vol.4', 28, 28, 3, 'Bengali', '9788172345884', 1965, 440.00, 12, 'Fourth volume', NOW()),
(216, 'Saheb Bibi Golam Vol.4', 28, 28, 3, 'Bengali', '9788172345885', 1965, 470.00, 12, 'Fourth volume', NOW()),
(217, 'Srikanta Vol.4', 29, 29, 3, 'Bengali', '9788172345886', 1920, 450.00, 12, 'Fourth volume', NOW()),
(218, 'Devdas Vol.4', 29, 29, 3, 'Bengali', '9788172345887', 1920, 480.00, 12, 'Fourth volume', NOW()),
(219, 'Parineeta Vol.4', 29, 29, 3, 'Bengali', '9788172345888', 1920, 460.00, 12, 'Fourth volume', NOW()),
(220, 'Gitanjali Vol.3', 23, 23, 3, 'Bengali', '9788172345889', 1912, 520.00, 12, 'Third volume of poetry', NOW()),
(221, 'Balaka Vol.3', 23, 23, 3, 'Bengali', '9788172345890', 1914, 500.00, 12, 'Third volume', NOW()),
(222, 'Kabuliwala Vol.3', 23, 23, 3, 'Bengali', '9788172345891', 1898, 450.00, 12, 'Third edition', NOW()),
(223, 'Char Adhyay Vol.3', 23, 23, 3, 'Bengali', '9788172345892', 1936, 480.00, 12, 'Third edition', NOW()),
(224, 'Sei Somoy Vol.6', 27, 27, 3, 'Bengali', '9788172345893', 1993, 460.00, 12, 'Sixth volume', NOW()),
(225, 'Prothom Alo Vol.4', 27, 27, 3, 'Bengali', '9788172345894', 1989, 450.00, 12, 'Fourth volume', NOW()),
(226, 'Arjun Vol.5', 27, 27, 3, 'Bengali', '9788172345895', 1986, 460.00, 12, 'Fifth volume', NOW()),
(227, 'Ranga Pather Vol.5', 28, 28, 3, 'Bengali', '9788172345896', 1970, 440.00, 12, 'Fifth volume', NOW()),
(228, 'Saheb Bibi Golam Vol.5', 28, 28, 3, 'Bengali', '9788172345897', 1970, 470.00, 12, 'Fifth volume', NOW()),
(229, 'Srikanta Vol.5', 29, 29, 3, 'Bengali', '9788172345898', 1921, 450.00, 12, 'Fifth volume', NOW()),
(230, 'Devdas Vol.5', 29, 29, 3, 'Bengali', '9788172345899', 1921, 480.00, 12, 'Fifth volume', NOW()),
(231, 'Parineeta Vol.5', 29, 29, 3, 'Bengali', '9788172345900', 1921, 460.00, 12, 'Fifth volume', NOW()),
(232, 'Gitanjali Vol.4', 23, 23, 3, 'Bengali', '9788172345901', 1913, 520.00, 12, 'Fourth volume', NOW()),
(233, 'Balaka Vol.4', 23, 23, 3, 'Bengali', '9788172345902', 1915, 500.00, 12, 'Fourth volume', NOW()),
(234, 'Kabuliwala Vol.4', 23, 23, 3, 'Bengali', '9788172345903', 1899, 450.00, 12, 'Fourth edition', NOW()),
(235, 'Char Adhyay Vol.4', 23, 23, 3, 'Bengali', '9788172345904', 1937, 480.00, 12, 'Fourth edition', NOW());

-- ----------------------------
-- TABLE: BOOKS – Hindi Literature (first batch)
-- ----------------------------
INSERT INTO books (book_id, title, author_id, publisher_id, category_id, language, isbn, publication_year, price, stock, description, created_at) VALUES
(236, 'Godan', 41, 41, 4, 'Hindi', '9788172345905', 1936, 500.00, 12, 'Premchand – classic social novel', NOW()),
(237, 'Nirmala', 41, 41, 4, 'Hindi', '9788172345906', 1925, 480.00, 12, 'Premchand novel on dowry issues', NOW()),
(238, 'Sevasadan', 41, 41, 4, 'Hindi', '9788172345907', 1918, 470.00, 10, 'Premchand social reform novel', NOW()),
(239, 'Karmabhoomi', 41, 41, 4, 'Hindi', '9788172345908', 1932, 490.00, 12, 'Premchand political novel', NOW()),
(240, 'Gaban', 41, 41, 4, 'Hindi', '9788172345909', 1931, 460.00, 15, 'Premchand on human greed', NOW()),
(241, 'Rangbhoomi', 41, 41, 4, 'Hindi', '9788172345910', 1924, 470.00, 12, 'Premchand social drama', NOW()),
(242, 'Pratigya', 41, 41, 4, 'Hindi', '9788172345911', 1927, 450.00, 12, 'Premchand social novel', NOW()),
(243, 'Seema', 42, 42, 4, 'Hindi', '9788172345912', 1907, 440.00, 12, 'Jaishankar Prasad classic novel', NOW()),
(244, 'Chandrakanta', 43, 43, 4, 'Hindi', '9788172345913', 1888, 480.00, 15, 'Devaki Nandan Khatri – fantasy novel', NOW()),
(245, 'Chandrakanta Santati', 43, 43, 4, 'Hindi', '9788172345914', 1890, 490.00, 12, 'Sequel to Chandrakanta', NOW()),
(246, 'Kamayani', 42, 42, 4, 'Hindi', '9788172345915', 1936, 520.00, 12, 'Jaishankar Prasad – epic poem', NOW()),
(247, 'Saket', 42, 42, 4, 'Hindi', '9788172345916', 1932, 500.00, 12, 'Jaishankar Prasad historical poetry', NOW()),
(248, 'Rashmirathi', 44, 1, 4, 'Hindi', '9788172345917', 1952, 510.00, 12, 'Ramdhari Singh Dinkar – Mahabharata epic', NOW()),
(249, 'Kurukshetra', 44, 1, 4, 'Hindi', '9788172345918', 1958, 480.00, 12, 'Dinkar continuation epic', NOW()),
(250, 'Pariksha Guru', 45, 45, 4, 'Hindi', '9788172345919', 1882, 460.00, 15, 'Lala Lajpat Rai – educational novel', NOW()),
(251, 'Maila Anchal', 46, 46, 4, 'Hindi', '9788172345920', 1954, 470.00, 12, 'Phanishwar Nath Renu – rural novel', NOW()),
(252, 'Rasrang', 46, 46, 4, 'Hindi', '9788172345921', 1960, 450.00, 12, 'Renu – literary work', NOW()),
(253, 'Basanti', 47, 47, 4, 'Hindi', '9788172345922', 1948, 440.00, 12, 'Mahadevi Verma – story collection', NOW()),
(254, 'Yama', 47, 47, 4, 'Hindi', '9788172345923', 1950, 460.00, 12, 'Mahadevi Verma literary work', NOW()),
(255, 'Nayak', 48, 48, 4, 'Hindi', '9788172345924', 1945, 470.00, 12, 'Suryakant Tripathi Nirala – novel', NOW()),
(256, 'Saroj Smriti', 48, 48, 4, 'Hindi', '9788172345925', 1948, 450.00, 12, 'Nirala – poetry', NOW()),
(257, 'Rashtra ke Mool', 49, 49, 4, 'Hindi', '9788172345926', 1935, 480.00, 12, 'Maithili Sharan Gupt – nationalist poetry', NOW()),
(258, 'Bharatendu Harishchandra Rachanavali', 50, 50, 4, 'Hindi', '9788172345927', 1880, 500.00, 12, 'Bharatendu Harishchandra – anthology', NOW()),
(259, 'Kavita Sangrah', 51, 51, 4, 'Hindi', '9788172345928', 1950, 470.00, 12, 'Ramdhari Singh Dinkar poetry collection', NOW()),
(260, 'Aandhi', 52, 52, 4, 'Hindi', '9788172345929', 1960, 450.00, 12, 'Hindi short stories collection', NOW()),
(261, 'Kisan Ki Kahani', 46, 46, 4, 'Hindi', '9788172345930', 1955, 440.00, 12, 'Phanishwar Nath Renu – rural stories', NOW()),
(262, 'Gudiya', 47, 47, 4, 'Hindi', '9788172345931', 1952, 460.00, 12, 'Mahadevi Verma literary story', NOW()),
(263, 'Amrit Manthan', 48, 48, 4, 'Hindi', '9788172345932', 1947, 470.00, 12, 'Suryakant Tripathi Nirala work', NOW()),
(264, 'Rashmirathi Vol.2', 44, 1, 4, 'Hindi', '9788172345933', 1955, 480.00, 12, 'Dinkar continuation', NOW()),
(265, 'Kurukshetra Vol.2', 44, 1, 4, 'Hindi', '9788172345934', 1959, 480.00, 12, 'Epic continuation', NOW());

-- ----------------------------
-- TABLE: BOOKS – Hindi Literature (final batch)
-- ----------------------------
INSERT INTO books (book_id, title, author_id, publisher_id, category_id, language, isbn, publication_year, price, stock, description, created_at) VALUES
(266, 'Godan Vol.2', 41, 41, 4, 'Hindi', '9788172345935', 1937, 500.00, 12, 'Premchand classic continuation', NOW()),
(267, 'Nirmala Vol.2', 41, 41, 4, 'Hindi', '9788172345936', 1926, 480.00, 12, 'Premchand social novel second edition', NOW()),
(268, 'Sevasadan Vol.2', 41, 41, 4, 'Hindi', '9788172345937', 1919, 470.00, 10, 'Premchand continuation', NOW()),
(269, 'Karmabhoomi Vol.2', 41, 41, 4, 'Hindi', '9788172345938', 1933, 490.00, 12, 'Political novel second edition', NOW()),
(270, 'Gaban Vol.2', 41, 41, 4, 'Hindi', '9788172345939', 1932, 460.00, 15, 'Premchand novel second edition', NOW()),
(271, 'Rangbhoomi Vol.2', 41, 41, 4, 'Hindi', '9788172345940', 1925, 470.00, 12, 'Premchand drama continuation', NOW()),
(272, 'Pratigya Vol.2', 41, 41, 4, 'Hindi', '9788172345941', 1928, 450.00, 12, 'Premchand second edition', NOW()),
(273, 'Seema Vol.2', 42, 42, 4, 'Hindi', '9788172345942', 1908, 440.00, 12, 'Jaishankar Prasad – continuation', NOW()),
(274, 'Chandrakanta Vol.2', 43, 43, 4, 'Hindi', '9788172345943', 1889, 480.00, 15, 'Fantasy novel continuation', NOW()),
(275, 'Chandrakanta Santati Vol.2', 43, 43, 4, 'Hindi', '9788172345944', 1891, 490.00, 12, 'Sequel continuation', NOW()),
(276, 'Kamayani Vol.2', 42, 42, 4, 'Hindi', '9788172345945', 1937, 520.00, 12, 'Epic poetry continuation', NOW()),
(277, 'Saket Vol.2', 42, 42, 4, 'Hindi', '9788172345946', 1933, 500.00, 12, 'Historical poetry continuation', NOW()),
(278, 'Rashmirathi Vol.3', 44, 1, 4, 'Hindi', '9788172345947', 1953, 510.00, 12, 'Dinkar epic third volume', NOW()),
(279, 'Kurukshetra Vol.3', 44, 1, 4, 'Hindi', '9788172345948', 1959, 480.00, 12, 'Epic continuation', NOW()),
(280, 'Pariksha Guru Vol.2', 45, 45, 4, 'Hindi', '9788172345949', 1883, 460.00, 15, 'Lala Lajpat Rai continuation', NOW()),
(281, 'Maila Anchal Vol.2', 46, 46, 4, 'Hindi', '9788172345950', 1955, 470.00, 12, 'Phanishwar Nath Renu continuation', NOW()),
(282, 'Rasrang Vol.2', 46, 46, 4, 'Hindi', '9788172345951', 1961, 450.00, 12, 'Literary work continuation', NOW()),
(283, 'Basanti Vol.2', 47, 47, 4, 'Hindi', '9788172345952', 1950, 440.00, 12, 'Mahadevi Verma collection second edition', NOW()),
(284, 'Yama Vol.2', 47, 47, 4, 'Hindi', '9788172345953', 1951, 460.00, 12, 'Literary work continuation', NOW()),
(285, 'Nayak Vol.2', 48, 48, 4, 'Hindi', '9788172345954', 1946, 470.00, 12, 'Suryakant Tripathi Nirala continuation', NOW()),
(286, 'Saroj Smriti Vol.2', 48, 48, 4, 'Hindi', '9788172345955', 1949, 450.00, 12, 'Poetry second edition', NOW()),
(287, 'Rashtra ke Mool Vol.2', 49, 49, 4, 'Hindi', '9788172345956', 1936, 480.00, 12, 'Nationalist poetry continuation', NOW()),
(288, 'Bharatendu Harishchandra Rachanavali Vol.2', 50, 50, 4, 'Hindi', '9788172345957', 1881, 500.00, 12, 'Anthology second edition', NOW()),
(289, 'Kavita Sangrah Vol.2', 51, 51, 4, 'Hindi', '9788172345958', 1951, 470.00, 12, 'Dinkar poetry second edition', NOW()),
(290, 'Aandhi Vol.2', 52, 52, 4, 'Hindi', '9788172345959', 1961, 450.00, 12, 'Short stories second edition', NOW()),
(291, 'Kisan Ki Kahani Vol.2', 46, 46, 4, 'Hindi', '9788172345960', 1956, 440.00, 12, 'Rural stories continuation', NOW()),
(292, 'Gudiya Vol.2', 47, 47, 4, 'Hindi', '9788172345961', 1953, 460.00, 12, 'Literary story second edition', NOW()),
(293, 'Amrit Manthan Vol.2', 48, 48, 4, 'Hindi', '9788172345962', 1948, 470.00, 12, 'Continuation work', NOW()),
(294, 'Rashmirathi Vol.4', 44, 1, 4, 'Hindi', '9788172345963', 1954, 510.00, 12, 'Fourth volume', NOW()),
(295, 'Kurukshetra Vol.4', 44, 1, 4, 'Hindi', '9788172345964', 1960, 480.00, 12, 'Fourth volume', NOW()),
(296, 'Godan Vol.3', 41, 41, 4, 'Hindi', '9788172345965', 1938, 500.00, 12, 'Third volume', NOW()),
(297, 'Nirmala Vol.3', 41, 41, 4, 'Hindi', '9788172345966', 1927, 480.00, 12, 'Third edition', NOW()),
(298, 'Sevasadan Vol.3', 41, 41, 4, 'Hindi', '9788172345967', 1920, 470.00, 10, 'Third edition', NOW()),
(299, 'Karmabhoomi Vol.3', 41, 41, 4, 'Hindi', '9788172345968', 1934, 490.00, 12, 'Third edition', NOW()),
(300, 'Gaban Vol.3', 41, 41, 4, 'Hindi', '9788172345969', 1933, 460.00, 15, 'Third edition', NOW()),
(301, 'Rangbhoomi Vol.3', 41, 41, 4, 'Hindi', '9788172345970', 1926, 470.00, 12, 'Third edition', NOW()),
(302, 'Pratigya Vol.3', 41, 41, 4, 'Hindi', '9788172345971', 1929, 450.00, 12, 'Third edition', NOW()),
(303, 'Seema Vol.3', 42, 42, 4, 'Hindi', '9788172345972', 1909, 440.00, 12, 'Third edition', NOW()),
(304, 'Chandrakanta Vol.3', 43, 43, 4, 'Hindi', '9788172345973', 1890, 480.00, 15, 'Third edition fantasy novel', NOW()),
(305, 'Chandrakanta Santati Vol.3', 43, 43, 4, 'Hindi', '9788172345974', 1892, 490.00, 12, 'Sequel third edition', NOW());

-- ----------------------------
-- TABLE: BOOKS – Sanskrit Literature (first batch)
-- ----------------------------
INSERT INTO books (book_id, title, author_id, publisher_id, category_id, language, isbn, publication_year, price, stock, description, created_at) VALUES
(306, 'Bhagavad Gita Samhita', 61, 43, 5, 'Sanskrit', '9788172345975', 200, 800.00, 12, 'Ancient epic scripture', NOW()),
(307, 'Ramayana', 62, 1, 5, 'Sanskrit', '9788172345976', 300, 1200.00, 12, 'Valmiki Ramayana', NOW()),
(308, 'Mahabharata', 63, 16, 5, 'Sanskrit', '9788172345977', 400, 1500.00, 12, 'Epic of Mahabharata', NOW()),
(309, 'Yoga Sutras', 64, 64, 5, 'Sanskrit', '9788172345978', 500, 700.00, 12, 'Patanjali yoga text', NOW()),
(310, 'Ashtadhyayi', 65, 65, 5, 'Sanskrit', '9788172345979', 600, 900.00, 12, 'Panini’s grammar treatise', NOW()),
(311, 'Upanishads Vol.1', 66, 66, 5, 'Sanskrit', '9788172345980', 800, 1000.00, 12, 'Collection of Upanishads', NOW()),
(312, 'Upanishads Vol.2', 66, 66, 5, 'Sanskrit', '9788172345981', 805, 1000.00, 12, 'Continuation', NOW()),
(313, 'Vedas Rigveda', 67, 67, 5, 'Sanskrit', '9788172345982', 1000, 1200.00, 12, 'Rigveda collection', NOW()),
(314, 'Vedas Yajurveda', 67, 67, 5, 'Sanskrit', '9788172345983', 1005, 1200.00, 12, 'Yajurveda collection', NOW()),
(315, 'Vedas Samaveda', 67, 67, 5, 'Sanskrit', '9788172345984', 1010, 1200.00, 12, 'Samaveda collection', NOW()),
(316, 'Vedas Atharvaveda', 67, 67, 5, 'Sanskrit', '9788172345985', 1015, 1200.00, 12, 'Atharvaveda collection', NOW()),
(317, 'Manusmriti', 68, 68, 5, 'Sanskrit', '9788172345986', 200, 800.00, 12, 'Ancient legal text', NOW()),
(318, 'Brahmasutras', 69, 69, 5, 'Sanskrit', '9788172345987', 400, 850.00, 12, 'Philosophical text', NOW()),
(319, 'Bhavaprakasha', 70, 70, 5, 'Sanskrit', '9788172345988', 1200, 700.00, 12, 'Ayurvedic treatise', NOW()),
(320, 'Charaka Samhita', 71, 71, 5, 'Sanskrit', '9788172345989', 1200, 950.00, 12, 'Ayurvedic classic', NOW()),
(321, 'Sushruta Samhita', 72, 72, 5, 'Sanskrit', '9788172345990', 1205, 950.00, 12, 'Surgery and medicine', NOW()),
(322, 'Panchatantra Vol.1', 73, 73, 5, 'Sanskrit', '9788172345991', 300, 600.00, 12, 'Fables collection', NOW()),
(323, 'Panchatantra Vol.2', 73, 73, 5, 'Sanskrit', '9788172345992', 305, 600.00, 12, 'Continuation', NOW()),
(324, 'Hitopadesha', 74, 74, 5, 'Sanskrit', '9788172345993', 400, 650.00, 12, 'Moral fables', NOW()),
(325, 'Shakuntala', 75, 75, 5, 'Sanskrit', '9788172345994', 100, 700.00, 12, 'Kalidasa drama', NOW()),
(326, 'Meghaduta', 75, 75, 5, 'Sanskrit', '9788172345995', 101, 680.00, 12, 'Kalidasa lyrical poem', NOW()),
(327, 'Raghuvamsa', 75, 75, 5, 'Sanskrit', '9788172345996', 102, 750.00, 12, 'Kalidasa epic poem', NOW()),
(328, 'Kumarasambhava', 75, 75, 5, 'Sanskrit', '9788172345997', 103, 750.00, 12, 'Kalidasa epic continuation', NOW()),
(329, 'Malavikagnimitra', 75, 75, 5, 'Sanskrit', '9788172345998', 104, 680.00, 12, 'Kalidasa play', NOW()),
(330, 'Vikramorvashiya', 75, 75, 5, 'Sanskrit', '9788172345999', 105, 700.00, 12, 'Kalidasa play continuation', NOW()),
(331, 'Natyashastra', 76, 76, 5, 'Sanskrit', '9788172346000', 200, 900.00, 12, 'Bharata – classical treatise', NOW()),
(332, 'Abhijnanasakuntalam', 75, 75, 5, 'Sanskrit', '9788172346001', 106, 700.00, 12, 'Kalidasa famous drama', NOW()),
(333, 'Vedic Hymns Vol.1', 77, 77, 5, 'Sanskrit', '9788172346002', 500, 800.00, 12, 'Collection of hymns', NOW()),
(334, 'Vedic Hymns Vol.2', 77, 77, 5, 'Sanskrit', '9788172346003', 505, 800.00, 12, 'Continuation', NOW()),
(335, 'Vedic Hymns Vol.3', 77, 77, 5, 'Sanskrit', '9788172346004', 510, 800.00, 12, 'Continuation', NOW());

-- ----------------------------
-- TABLE: BOOKS – Sanskrit Literature (final batch)
-- ----------------------------
INSERT INTO books (book_id, title, author_id, publisher_id, category_id, language, isbn, publication_year, price, stock, description, created_at) VALUES
(336, 'Vedic Hymns Vol.4', 77, 77, 5, 'Sanskrit', '9788172346005', 515, 800.00, 12, 'Continuation of Vedic hymns', NOW()),
(337, 'Vedic Hymns Vol.5', 77, 77, 5, 'Sanskrit', '9788172346006', 520, 800.00, 12, 'Continuation', NOW()),
(338, 'Bhagavata Purana', 78, 78, 5, 'Sanskrit', '9788172346007', 500, 950.00, 12, 'Vaishnava Purana', NOW()),
(339, 'Brahmanda Purana', 79, 79, 5, 'Sanskrit', '9788172346008', 520, 950.00, 12, 'Puranic literature', NOW()),
(340, 'Vishnu Purana', 78, 78, 5, 'Sanskrit', '9788172346009', 530, 950.00, 12, 'Vaishnava text', NOW()),
(341, 'Shiva Purana', 80, 80, 5, 'Sanskrit', '9788172346010', 540, 950.00, 12, 'Shaiva text', NOW()),
(342, 'Brahma Sutras Vol.2', 69, 69, 5, 'Sanskrit', '9788172346011', 405, 850.00, 12, 'Continuation of Brahma Sutras', NOW()),
(343, 'Pancha Mahapurana', 78, 78, 5, 'Sanskrit', '9788172346012', 550, 950.00, 12, 'Compilation of five Puranas', NOW()),
(344, 'Arthashastra', 81, 81, 5, 'Sanskrit', '9788172346013', 400, 900.00, 12, 'Kautilya – ancient treatise on politics', NOW()),
(345, 'Manimekalai', 82, 82, 5, 'Sanskrit', '9788172346014', 200, 700.00, 12, 'Epic story poem', NOW()),
(346, 'Shatakatrayi', 83, 83, 5, 'Sanskrit', '9788172346015', 250, 750.00, 12, 'Three collections of poems', NOW()),
(347, 'Gita Govinda', 84, 84, 5, 'Sanskrit', '9788172346016', 1200, 800.00, 12, 'Jayadeva – devotional work', NOW()),
(348, 'Vijnana Bhairava Tantra', 85, 85, 5, 'Sanskrit', '9788172346017', 1100, 850.00, 12, 'Tantric text', NOW()),
(349, 'Prabandha Chintamani', 86, 86, 5, 'Sanskrit', '9788172346018', 1300, 750.00, 12, 'Collection of narratives', NOW()),
(350, 'Harivamsa', 87, 87, 5, 'Sanskrit', '9788172346019', 500, 900.00, 12, 'Supplement to Mahabharata', NOW()),
(351, 'Shiva Sutras', 88, 88, 5, 'Sanskrit', '9788172346020', 1100, 850.00, 12, 'Philosophical sutras', NOW()),
(352, 'Yoga Vasistha', 89, 89, 5, 'Sanskrit', '9788172346021', 600, 1000.00, 12, 'Philosophical story', NOW()),
(353, 'Brahma Purana', 79, 79, 5, 'Sanskrit', '9788172346022', 550, 950.00, 12, 'Puranic text', NOW()),
(354, 'Padma Purana', 78, 78, 5, 'Sanskrit', '9788172346023', 560, 950.00, 12, 'Vaishnava Purana', NOW()),
(355, 'Skanda Purana', 80, 80, 5, 'Sanskrit', '9788172346024', 570, 950.00, 12, 'Shaiva Purana', NOW()),
(356, 'Lalita Sahasranama', 90, 90, 5, 'Sanskrit', '9788172346025', 1200, 800.00, 12, 'Thousand names of Goddess Lalita', NOW()),
(357, 'Mahavira Charita', 91, 91, 5, 'Sanskrit', '9788172346026', 600, 750.00, 12, 'Jain literature biography', NOW()),
(358, 'Dharmashastra', 92, 92, 5, 'Sanskrit', '9788172346027', 400, 850.00, 12, 'Ancient legal and moral texts', NOW()),
(359, 'Sanskrit Dramas Vol.1', 93, 93, 5, 'Sanskrit', '9788172346028', 100, 700.00, 12, 'Collection of classical dramas', NOW()),
(360, 'Sanskrit Dramas Vol.2', 93, 93, 5, 'Sanskrit', '9788172346029', 105, 700.00, 12, 'Continuation', NOW()),
(361, 'Sanskrit Dramas Vol.3', 93, 93, 5, 'Sanskrit', '9788172346030', 110, 700.00, 12, 'Continuation', NOW()),
(362, 'Sanskrit Poems Vol.1', 94, 94, 5, 'Sanskrit', '9788172346031', 200, 750.00, 12, 'Poetry collection', NOW()),
(363, 'Sanskrit Poems Vol.2', 94, 94, 5, 'Sanskrit', '9788172346032', 205, 750.00, 12, 'Continuation', NOW()),
(364, 'Sanskrit Poems Vol.3', 94, 94, 5, 'Sanskrit', '9788172346033', 210, 750.00, 12, 'Continuation', NOW()),
(365, 'Sanskrit Poems Vol.4', 94, 94, 5, 'Sanskrit', '9788172346034', 215, 750.00, 12, 'Continuation', NOW());

-- ----------------------------
-- TABLE: BOOKS – Other Domains (first batch)
-- ----------------------------
INSERT INTO books (book_id, title, author_id, publisher_id, category_id, language, isbn, publication_year, price, stock, description, created_at) VALUES
(366, 'A Brief History of Time', 95, 95, 6, 'English', '9780553380163', 1988, 1200.00, 10, 'Stephen Hawking – cosmology', NOW()),
(367, 'Cosmos', 96, 96, 6, 'English', '9780345539434', 1980, 1100.00, 12, 'Carl Sagan – science popularization', NOW()),
(368, 'The Selfish Gene', 97, 97, 6, 'English', '9780192860927', 1976, 900.00, 12, 'Richard Dawkins – evolution', NOW()),
(369, 'The Gene: An Intimate History', 98, 98, 6, 'English', '9781476733500', 2016, 950.00, 10, 'Siddhartha Mukherjee – genetics', NOW()),
(370, 'Silent Spring', 99, 99, 6, 'English', '9780618249060', 1962, 850.00, 12, 'Rachel Carson – environmental science', NOW()),
(371, 'Guns, Germs, and Steel', 100, 100, 6, 'English', '9780393317558', 1997, 1000.00, 10, 'Jared Diamond – human history', NOW()),
(372, 'Thinking, Fast and Slow', 101, 101, 6, 'English', '9780374275631', 2011, 950.00, 10, 'Daniel Kahneman – psychology', NOW()),
(373, 'Sapiens: A Brief History of Humankind', 102, 102, 6, 'English', '9780062316097', 2015, 1000.00, 12, 'Yuval Noah Harari – history', NOW()),
(374, 'Homo Deus: A Brief History of Tomorrow', 102, 102, 6, 'English', '9780062464316', 2017, 1000.00, 12, 'Yuval Noah Harari – future studies', NOW()),
(375, 'Origin of Species', 103, 103, 6, 'English', '9781509827695', 1859, 900.00, 12, 'Charles Darwin – evolution', NOW()),
(376, 'Principia Mathematica', 104, 3, 6, 'English', '9780521586047', 1687, 1500.00, 8, 'Isaac Newton – physics', NOW()),
(377, 'Relativity: The Special and General Theory', 105, 105, 6, 'English', '9781619490086', 1916, 950.00, 10, 'Albert Einstein – physics', NOW()),
(378, 'The Double Helix', 106, 106, 6, 'English', '9780743216302', 1968, 850.00, 12, 'James Watson – DNA discovery', NOW()),
(379, 'The Elegant Universe', 107, 100, 6, 'English', '9780393338102', 1999, 1000.00, 10, 'Brian Greene – string theory', NOW()),
(380, 'Surely You’re Joking, Mr. Feynman!', 108, 108, 6, 'English', '9780393316049', 1985, 800.00, 12, 'Richard Feynman – memoir', NOW()),
(381, 'Cosmosapiens', 109, 3, 6, 'English', '9780753551893', 2016, 950.00, 10, 'John Hands – science history', NOW()),
(382, 'The Fabric of the Cosmos', 107, 100, 6, 'English', '9780375727207', 2004, 1000.00, 12, 'Brian Greene – physics', NOW()),
(383, 'Astrophysics for People in a Hurry', 110, 100, 6, 'English', '9780393609394', 2017, 900.00, 10, 'Neil deGrasse Tyson – astrophysics', NOW()),
(384, 'The Immortal Life of Henrietta Lacks', 111, 111, 6, 'English', '9781400052189', 2010, 850.00, 12, 'Rebecca Skloot – medical history', NOW()),
(385, 'Godel, Escher, Bach', 112, 112, 6, 'English', '9780465026562', 1979, 950.00, 10, 'Douglas Hofstadter – cognitive science', NOW()),
(386, 'A Short History of Nearly Everything', 113, 113, 6, 'English', '9780767908184', 2003, 1000.00, 10, 'Bill Bryson – science', NOW()),
(387, 'The Emperor of All Maladies', 98, 98, 6, 'English', '9781439170915', 2010, 950.00, 12, 'Siddhartha Mukherjee – cancer history', NOW()),
(388, 'The Sixth Extinction', 114, 114, 6, 'English', '9781250062185', 2014, 900.00, 10, 'Elizabeth Kolbert – extinction events', NOW()),
(389, 'The Genealogy of Morals', 115, 97, 6, 'English', '9780199536406', 1887, 850.00, 12, 'Friedrich Nietzsche – philosophy', NOW()),
(390, 'The Structure of Scientific Revolutions', 116, 116, 6, 'English', '9780226458120', 1962, 1000.00, 10, 'Thomas Kuhn – philosophy of science', NOW());

-- ----------------------------
-- TABLE: BOOKS – Other Domains (final batch)
-- ----------------------------
INSERT INTO books (book_id, title, author_id, publisher_id, category_id, language, isbn, publication_year, price, stock, description, created_at) VALUES
(391, 'The Man Who Knew Infinity', 117, 117, 6, 'English', '9781476763491', 1991, 900.00, 10, 'Robert Kanigel – biography of Ramanujan', NOW()),
(392, 'Surely You’re Joking, Mr. Feynman! Vol.2', 108, 108, 6, 'English', '9780393316056', 1985, 800.00, 12, 'Continuation memoir', NOW()),
(393, 'The Code Book', 118, 118, 6, 'English', '9780385495325', 1999, 850.00, 10, 'Simon Singh – cryptography history', NOW()),
(394, 'Longitude', 119, 108, 6, 'English', '9780140280197', 1995, 900.00, 12, 'Dava Sobel – navigation history', NOW()),
(395, 'The Making of the Atomic Bomb', 120, 106, 6, 'English', '9781451677617', 1986, 950.00, 10, 'Richard Rhodes – nuclear history', NOW()),
(396, 'Chaos: Making a New Science', 121, 108, 6, 'English', '9780143113451', 1987, 850.00, 12, 'James Gleick – chaos theory', NOW()),
(397, 'The Innovators', 122, 106, 6, 'English', '9781476708690', 2014, 950.00, 10, 'Walter Isaacson – history of computing', NOW()),
(398, 'Einstein: His Life and Universe', 123, 106, 6, 'English', '9780743264747', 2007, 950.00, 12, 'Walter Isaacson biography', NOW()),
(399, 'The Information', 122, 106, 6, 'English', '9780307476450', 2011, 900.00, 10, 'James Gleick – history of information', NOW()),
(400, 'The Innovators: How a Group of Hackers', 122, 106, 6, 'English', '9781476708691', 2014, 950.00, 12, 'Continuation computing history', NOW()),
(401, 'A Universe from Nothing', 124, 124, 6, 'English', '9781451624467', 2012, 900.00, 10, 'Lawrence Krauss – cosmology', NOW()),
(402, 'The Origin of Consciousness in the Breakdown of the Bicameral Mind', 125, 99, 6, 'English', '9780618127043', 1976, 950.00, 10, 'Julian Jaynes – psychology', NOW()),
(403, 'The Tao of Physics', 126, 95, 6, 'English', '9781590308353', 1975, 850.00, 12, 'Fritjof Capra – physics and philosophy', NOW()),
(404, 'The Black Hole War', 107, 100, 6, 'English', '9780307275174', 2007, 1000.00, 10, 'Leonard Susskind – physics', NOW()),
(405, 'Parallel Worlds', 124, 124, 6, 'English', '9781400033723', 2005, 900.00, 10, 'Michio Kaku – multiverse', NOW()),
(406, 'Physics of the Impossible', 124, 124, 6, 'English', '9780307278823', 2008, 900.00, 10, 'Michio Kaku – theoretical physics', NOW()),
(407, 'Hyperspace', 124, 124, 6, 'English', '9780385339860', 1994, 900.00, 10, 'Michio Kaku – extra dimensions', NOW()),
(408, 'The Universe in a Nutshell', 107, 100, 6, 'English', '9780553802023', 2001, 1000.00, 10, 'Stephen Hawking – cosmology', NOW()),
(409, 'Black Holes and Baby Universes', 107, 100, 6, 'English', '9780553802024', 1993, 950.00, 10, 'Stephen Hawking – essays', NOW()),
(410, 'On the Origin of Species: 2nd Edition', 103, 103, 6, 'English', '9781509827701', 1860, 900.00, 10, 'Charles Darwin – second edition', NOW()),
(411, 'The Feynman Lectures on Physics Vol.1', 108, 108, 6, 'English', '9780465024933', 1964, 1200.00, 8, 'Fundamental physics concepts', NOW()),
(412, 'The Feynman Lectures on Physics Vol.2', 108, 108, 6, 'English', '9780465024940', 1964, 1200.00, 8, 'Electromagnetism and matter', NOW()),
(413, 'The Feynman Lectures on Physics Vol.3', 108, 108, 6, 'English', '9780465024957', 1965, 1200.00, 8, 'Quantum mechanics', NOW()),
(414, 'The Character of Physical Law', 108, 108, 6, 'English', '9780262531964', 1965, 950.00, 10, 'Richard Feynman – physics principles', NOW()),
(415, 'QED: The Strange Theory of Light and Matter', 108, 108, 6, 'English', '9780691024175', 1985, 900.00, 10, 'Richard Feynman – quantum electrodynamics', NOW()),
(416, 'Six Easy Pieces', 108, 108, 6, 'English', '9780465025275', 1994, 850.00, 12, 'Richard Feynman – basic physics', NOW()),
(417, 'Six Not-So-Easy Pieces', 108, 108, 6, 'English', '9780465025299', 1997, 850.00, 12, 'Richard Feynman – advanced physics', NOW()),
(418, 'The Pleasure of Finding Things Out', 108, 108, 6, 'English', '9780465025602', 1999, 900.00, 10, 'Richard Feynman – essays', NOW()),
(419, 'What Do You Care What Other People Think?', 108, 108, 6, 'English', '9780393317598', 1988, 850.00, 12, 'Richard Feynman – memoirs', NOW()),
(420, 'Mein Kampf Vol.1', 127, 109, 6, 'German', '9783938439000', 1925, 700.00, 5, 'Adolf  Hitler – autobiography and political manifesto', NOW()),
(421, 'Mein Kampf Vol.2', 127, 109, 6, 'German', '9783938439017', 1926, 700.00, 5, 'Continuation of Mein Kampf', NOW()),
(422, 'Zweites Buch', 127, 0, 6, 'German', '9783938439024', 1928, 1800.00, 5, 'Adolf Hitler – unpublished sequel to Mein Kampf', NOW());

-- ----------------------------
-- TABLE: AUTHORS – Scientific Literature (IDs 1–10)
-- ----------------------------
INSERT INTO authors (author_id, full_name, country, birth_year, death_year, bio, created_at) VALUES
(0, 'Anonymous authors', 'Various', NULL, NULL, 'Collection of works by various anonymous authors.', NOW()),
(1, 'C.V. Raman', 'India', 1888, 1970, 'Indian physicist known for the discovery of the Raman Effect, Nobel Laureate in Physics 1930.', NOW()),
(2, 'Homi J. Bhabha', 'India', 1909, 1966, 'Indian nuclear physicist and founding director of TIFR, pioneer of India''s nuclear program.', NOW()),
(3, 'Satyendra Nath Bose', 'India', 1894, 1974, 'Indian physicist famous for Bose-Einstein statistics and contributions to quantum mechanics.', NOW()),
(4, 'Meghnad Saha', 'India', 1893, 1956, 'Indian astrophysicist known for the Saha ionization equation and contributions to stellar physics.', NOW()),
(5, 'Vikram Sarabhai', 'India', 1919, 1971, 'Indian physicist and space scientist, considered the father of the Indian space program.', NOW()),
(6, 'A.P.J. Abdul Kalam', 'India', 1931, 2015, 'Indian aerospace scientist and 11th President of India, known for contributions to India''s missile program.', NOW()),
(7, 'Jagadish Chandra Bose', 'India', 1858, 1937, 'Indian physicist, biologist and pioneer in wireless communication.', NOW()),
(8, 'Subrahmanyan Chandrasekhar', 'India', 1910, 1995, 'Indian-American astrophysicist, Nobel Laureate 1983, known for Chandrasekhar limit in stellar physics.', NOW()),
(9, 'P.C. Mahalanobis', 'India', 1893, 1972, 'Indian scientist and statistician, founder of the Indian Statistical Institute.', NOW()),
(10, 'M.S. Swaminathan', 'India', 1925, 2023, 'Indian geneticist and agronomist, key figure in India''s Green Revolution.', NOW());


-- ----------------------------
-- TABLE: AUTHORS – Odia Literature (IDs 11–20)
-- ----------------------------
INSERT INTO authors (author_id, full_name, country, birth_year, death_year, bio, created_at) VALUES
(11, 'Fakir Mohan Senapati', 'India', 1843, 1918, 'Father of modern Odia literature, known for his novels and poetry.', NOW()),
(12, 'Madhusudan Rao', 'India', 1853, 1912, 'Pioneer Odia poet and writer, also called "Father of Modern Odia Poetry".', NOW()),
(13, 'Gopinath Mohanty', 'India', 1914, 1991, 'Renowned Odia novelist, recipient of Jnanpith Award for literature.', NOW()),
(14, 'Surendra Mohanty', 'India', 1918, 1990, 'Odia novelist and short story writer, known for social and historical themes.', NOW()),
(15, 'Jagannath Prasad Das', 'India', 1900, 1980, 'Odia essayist and literary critic, contributed to modern Odia literature.', NOW()),
(16, 'Manoj Das', 'India', 1934, 2021, 'Odia and English language author, noted for short stories and novels.', NOW()),
(17, 'Pratibha Ray', 'India', 1943, NULL, 'Indian author writing in Odia, recipient of Jnanpith Award, known for novels and short stories.', NOW()),
(18, 'Kalinath Rath', 'India', 1895, 1960, 'Odia poet, known for classical and modern poetic works.', NOW()),
(19, 'Kuntala Kumari Sabat', 'India', 1901, 1938, 'Odia poetess, known for patriotic and lyrical poetry.', NOW()),
(20, 'Nanda Kishore Bal', 'India', 1875, 1928, 'Odia poet and writer, contributed to Odia literary renaissance.', NOW());

-- ----------------------------
-- TABLE: AUTHORS – Bengali Literature (partial, author_id 21–29)
-- ----------------------------
INSERT INTO authors (author_id, full_name, country, birth_year, death_year, bio, created_at) VALUES
(21, 'Bibhutibhushan Bandopadhyay', 'India', 1894, 1950, 'Renowned Bengali novelist, author of Pather Panchali and Aparajito.', NOW()),
(22, 'Bibhutibhushan Bandopadhyay', 'India', 1894, 1950, 'Renowned Bengali novelist, author of Chander Pahar.', NOW()),
(23, 'Rabindranath Tagore', 'India', 1861, 1941, 'Bengali polymath, poet, and Nobel laureate; author of Gora, Chokher Bali, Shesher Kobita.', NOW()),
(24, 'Bankim Chandra Chattopadhyay', 'India', 1838, 1894, 'Indian Bengali novelist, author of Debi, Anandamath, Kapalkundala, Chandranath, Pather Dabi.', NOW()),
(25, 'Mahasweta Devi', 'India', 1926, 2016, 'Indian social activist and writer; author of Hajar Churashir Ma and Rudali.', NOW()),
(26, 'Satyajit Ray', 'India', 1921, 1992, 'Filmmaker and writer; creator of Feluda series, author of Aranyer Din Ratri, Sonar Kella, Joi Baba Felunath.', NOW()),
(27, 'Sunil Gangopadhyay', 'India', 1934, 2012, 'Bengali poet and novelist; author of Sei Somoy, Prothom Alo, Arjun, Sei Somoy Vol.2.', NOW()),
(28, 'Bimal Mitra', 'India', 1912, 1991, 'Indian Bengali novelist; author of Ranga Pather and Saheb Bibi Golam.', NOW()),
(29, 'Sarat Chandra Chattopadhyay', 'India', 1876, 1938, 'Indian Bengali novelist; author of Srikanta, Devdas, Parineeta.', NOW());

-- ----------------------------
-- TABLE: AUTHORS – Hindi Literature (IDs 41–52)
-- ----------------------------
INSERT INTO authors (author_id, full_name, country, birth_year, death_year, bio, created_at) VALUES
(41, 'Premchand', 'India', 1880, 1936, 'One of the most celebrated Hindi-Urdu writers; known for social novels like Godan, Nirmala, Sevasadan.', NOW()),
(42, 'Jaishankar Prasad', 'India', 1889, 1937, 'Hindi poet, playwright, novelist, and essayist; author of Seema, Kamayani, Saket.', NOW()),
(43, 'Devaki Nandan Khatri', 'India', 1861, 1913, 'Indian Hindi novelist; pioneer of Hindi fantasy literature; author of Chandrakanta and Chandrakanta Santati.', NOW()),
(44, 'Ramdhari Singh Dinkar', 'India', 1908, 1974, 'Renowned Hindi poet, essayist, and freedom fighter; known for Rashmirathi, Kurukshetra.', NOW()),
(45, 'Lala Lajpat Rai', 'India', 1865, 1928, 'Indian freedom fighter and writer; author of Pariksha Guru.', NOW()),
(46, 'Phanishwar Nath Renu', 'India', 1921, 1977, 'Indian Hindi writer; pioneer of modern Hindi short stories and rural novels; author of Maila Anchal, Rasrang, Kisan Ki Kahani.', NOW()),
(47, 'Mahadevi Verma', 'India', 1907, 1987, 'Renowned Hindi poet, essayist, and freedom fighter; author of Basanti, Yama, Gudiya.', NOW()),
(48, 'Suryakant Tripathi Nirala', 'India', 1896, 1961, 'Indian Hindi poet, novelist, essayist, and story-writer; known for Nayak, Saroj Smriti, Amrit Manthan.', NOW()),
(49, 'Maithili Sharan Gupt', 'India', 1886, 1964, 'Prominent Hindi poet; known for nationalist poetry like Rashtra ke Mool.', NOW()),
(50, 'Bharatendu Harishchandra', 'India', 1850, 1885, 'Father of modern Hindi literature; poet, playwright, and author of Bharatendu Harishchandra Rachanavali.', NOW()),
(51, 'Ramdhari Singh Dinkar', 'India', 1908, 1974, 'Renowned Hindi poet, essayist, and freedom fighter; poetry collection Kavita Sangrah.', NOW()),
(52, 'Unknown / Various Hindi Short Story Writers', 'India', NULL, NULL, 'Collection of Hindi short stories; various authors.', NOW());

-- ----------------------------
-- TABLE: AUTHORS – Sanskrit Literature (IDs 61–77)
-- ----------------------------
INSERT INTO authors (author_id, full_name, country, birth_year, death_year, bio, created_at) VALUES
(61, 'Vyasa', 'India', -500, NULL, 'Legendary author of the Mahabharata, composed various Puranas.', NOW()),
(62, 'Valmiki', 'India', -500, NULL, 'Author of the Ramayana, considered the Adi Kavi of Sanskrit literature.', NOW()),
(63, 'Vyasa', 'India', -500, NULL, 'Compiler of the Mahabharata epic and Puranic texts.', NOW()),
(64, 'Patanjali', 'India', -200, NULL, 'Ancient Indian sage; author of the Yoga Sutras.', NOW()),
(65, 'Panini', 'India', -500, NULL, 'Ancient Sanskrit grammarian; author of the Ashtadhyayi, a foundational grammar text.', NOW()),
(66, 'Various Authors', 'India', NULL, NULL, 'Collection of Upanishads, ancient philosophical texts.', NOW()),
(67, 'Various Authors', 'India', NULL, NULL, 'Collection of Vedic texts: Rigveda, Yajurveda, Samaveda, Atharvaveda.', NOW()),
(68, 'Various Authors', 'India', NULL, NULL, 'Manusmriti – ancient legal and social text.', NOW()),
(69, 'Various Authors', 'India', NULL, NULL, 'Brahmasutras – classical Indian philosophical text.', NOW()),
(70, 'Bhavamisra', 'India', NULL, NULL, 'Bhavaprakasha – classical Ayurvedic treatise.', NOW()),
(71, 'Charaka', 'India', NULL, NULL, 'Charaka Samhita – foundational Ayurveda text.', NOW()),
(72, 'Sushruta', 'India', NULL, NULL, 'Sushruta Samhita – ancient surgical and medical text.', NOW()),
(73, 'Vishnu Sharma', 'India', NULL, NULL, 'Author of Panchatantra fables, teaching morals through stories.', NOW()),
(74, 'Various Authors', 'India', NULL, NULL, 'Hitopadesha – Sanskrit collection of moral fables.', NOW()),
(75, 'Kalidasa', 'India', 400, 450, 'Classical Sanskrit poet and dramatist; author of Shakuntala, Meghaduta, Raghuvamsa, Kumarasambhava, Malavikagnimitra, Vikramorvashiya, Abhijnanasakuntalam.', NOW()),
(76, 'Bharata', 'India', -200, NULL, 'Author of Natyashastra, ancient treatise on performing arts and dramaturgy.', NOW()),
(77, 'Various Authors', 'India', NULL, NULL, 'Collection of Vedic hymns.', NOW());

-- ----------------------------
-- TABLE: AUTHORS – Sanskrit & Classical Literature (IDs 78–94)
-- ----------------------------
INSERT INTO authors (author_id, full_name, country, birth_year, death_year, bio, created_at) VALUES
(78, 'Vyasa / Various', 'India', -500, NULL, 'Compiler and author of Bhagavata Purana, Vishnu Purana, Pancha Mahapurana.', NOW()),
(79, 'Various Authors', 'India', NULL, NULL, 'Brahmanda Purana and Brahma Purana authorship.', NOW()),
(80, 'Various Authors', 'India', NULL, NULL, 'Shiva Purana and Skanda Purana authors.', NOW()),
(81, 'Kautilya', 'India', -350, -283, 'Author of Arthashastra, ancient treatise on politics, economy, and strategy.', NOW()),
(82, 'Ilango Adigal', 'India', NULL, NULL, 'Author of Manimekalai, Tamil epic story poem, available in Sanskrit versions.', NOW()),
(83, 'Various Poets', 'India', NULL, NULL, 'Shatakatrayi – three collections of Sanskrit poems.', NOW()),
(84, 'Jayadeva', 'India', 1200, 1260, 'Author of Gita Govinda, devotional Sanskrit poetry.', NOW()),
(85, 'Various Authors', 'India', NULL, NULL, 'Vijnana Bhairava Tantra – Sanskrit tantric text.', NOW()),
(86, 'Dharma Shastra Authors', 'India', NULL, NULL, 'Prabandha Chintamani – collection of narratives.', NOW()),
(87, 'Various Authors', 'India', NULL, NULL, 'Harivamsa – supplement to Mahabharata.', NOW()),
(88, 'Various Authors', 'India', NULL, NULL, 'Shiva Sutras – philosophical sutras.', NOW()),
(89, 'Various Authors', 'India', NULL, NULL, 'Yoga Vasistha – philosophical story.', NOW()),
(90, 'Various Authors', 'India', NULL, NULL, 'Lalita Sahasranama – devotional text.', NOW()),
(91, 'Mahavira / Jain Scholars', 'India', -599, -527, 'Mahavira Charita – Jain literature biography.', NOW()),
(92, 'Various Authors', 'India', NULL, NULL, 'Dharmashastra – ancient legal and moral texts.', NOW()),
(93, 'Various Dramatists', 'India', NULL, NULL, 'Sanskrit Dramas – classical collections.', NOW()),
(94, 'Various Poets', 'India', NULL, NULL, 'Sanskrit Poems – collections Vol.1–4.', NOW());

-- ----------------------------
-- TABLE: AUTHORS – Modern Science & Philosophy (IDs 95–116)
-- ----------------------------
INSERT INTO authors (author_id, full_name, country, birth_year, death_year, bio, created_at) VALUES
(95, 'Stephen Hawking', 'UK', 1942, 2018, 'Renowned theoretical physicist, author of A Brief History of Time.', NOW()),
(96, 'Carl Sagan', 'USA', 1934, 1996, 'Astronomer, science communicator, author of Cosmos.', NOW()),
(97, 'Richard Dawkins', 'UK', 1941, NULL, 'Evolutionary biologist, author of The Selfish Gene.', NOW()),
(98, 'Siddhartha Mukherjee', 'India', 1970, NULL, 'Physician, researcher, and author of The Gene.', NOW()),
(99, 'Rachel Carson', 'USA', 1907, 1964, 'Marine biologist and environmentalist, author of Silent Spring.', NOW()),
(100, 'Jared Diamond', 'USA', 1937, NULL, 'Geographer and historian, author of Guns, Germs, and Steel.', NOW()),
(101, 'Daniel Kahneman', 'Israel/USA', 1934, NULL, 'Psychologist, author of Thinking, Fast and Slow.', NOW()),
(102, 'Yuval Noah Harari', 'Israel', 1976, NULL, 'Historian, author of Sapiens and Homo Deus.', NOW()),
(103, 'Charles Darwin', 'UK', 1809, 1882, 'Naturalist, author of On the Origin of Species.', NOW()),
(104, 'Isaac Newton', 'UK', 1643, 1727, 'Mathematician and physicist, author of Principia Mathematica.', NOW()),
(105, 'Albert Einstein', 'Germany/USA', 1879, 1955, 'Theoretical physicist, author of Relativity theory.', NOW()),
(106, 'James Watson', 'USA', 1928, 2023, 'Molecular biologist, co-discoverer of DNA structure.', NOW()),
(107, 'Brian Greene', 'USA', 1963, NULL, 'Theoretical physicist, author of The Elegant Universe and The Fabric of the Cosmos.', NOW()),
(108, 'Richard Feynman', 'USA', 1918, 1988, 'Theoretical physicist, Nobel laureate, author of Surely You’re Joking, Mr. Feynman!', NOW()),
(109, 'John Hands', 'UK', NULL, NULL, 'Science historian, author of Cosmosapiens.', NOW()),
(110, 'Neil deGrasse Tyson', 'USA', 1958, NULL, 'Astrophysicist and science communicator, author of Astrophysics for People in a Hurry.', NOW()),
(111, 'Rebecca Skloot', 'USA', 1972, NULL, 'Science writer, author of The Immortal Life of Henrietta Lacks.', NOW()),
(112, 'Douglas Hofstadter', 'USA', 1945, NULL, 'Cognitive scientist, author of Gödel, Escher, Bach.', NOW()),
(113, 'Bill Bryson', 'UK/USA', 1951, NULL, 'Author and science writer, A Short History of Nearly Everything.', NOW()),
(114, 'Elizabeth Kolbert', 'USA', 1961, NULL, 'Journalist and author, The Sixth Extinction.', NOW()),
(115, 'Friedrich Nietzsche', 'Germany', 1844, 1900, 'Philosopher, author of The Genealogy of Morals.', NOW()),
(116, 'Thomas Kuhn', 'USA', 1922, 1996, 'Philosopher of science, author of The Structure of Scientific Revolutions.', NOW());

-- ----------------------------
-- TABLE: AUTHORS – Modern Science & Biographies (IDs 117–126)
-- ----------------------------
INSERT INTO authors (author_id, full_name, country, birth_year, death_year, bio, created_at) VALUES
(117, 'Robert Kanigel', 'USA', 1946, 2020, 'Author and biographer, known for The Man Who Knew Infinity.', NOW()),
(118, 'Simon Singh', 'UK', 1964, NULL, 'Science author and journalist, author of The Code Book.', NOW()),
(119, 'Dava Sobel', 'USA', 1947, NULL, 'Science writer, known for Longitude and other historical works.', NOW()),
(120, 'Richard Rhodes', 'USA', 1937, NULL, 'Historian, author of The Making of the Atomic Bomb.', NOW()),
(121, 'James Gleick', 'USA', 1954, NULL, 'Science writer, author of Chaos and The Information.', NOW()),
(122, 'Walter Isaacson', 'USA', 1952, NULL, 'Author and biographer, known for The Innovators.', NOW()),
(123, 'Walter Isaacson', 'USA', 1952, NULL, 'Author and biographer, Einstein: His Life and Universe.', NOW()),
(124, 'Lawrence Krauss', 'USA', 1954, NULL, 'Theoretical physicist, author of A Universe from Nothing.', NOW()),
(125, 'Julian Jaynes', 'USA', 1920, 1997, 'Psychologist, author of The Origin of Consciousness in the Breakdown of the Bicameral Mind.', NOW()),
(126, 'Fritjof Capra', 'Austria/USA', 1939, NULL, 'Physicist and systems theorist, author of The Tao of Physics.', NOW()),
(127, 'Adolf Hitler', 'Austria/Germany', 1889, 1945, 'Leader of Nazi Germany, author of Mein Kampf.', NOW());

-- ----------------------------
-- TABLE: PUBLISHERS
-- ----------------------------
INSERT INTO publishers (publisher_id, name, location, contact_email, phone, created_at) VALUES
(0, 'Unpublished Works', 'N/A', 'N/A', 'N/A', NOW());
(1, 'Motilal Banarsidass', 'Delhi, India', 'info@mlbd.com', '+91-11-11223344', NOW()),
(2, 'Tata McGraw-Hill', 'Mumbai, India', 'contact@tatamcgrawhill.in', '+91-22-12345678', NOW()),
(3, 'Cambridge University Press', 'Cambridge, UK', 'info@cambridge.org', '+44-1223-555000', NOW()),
(4, 'Indian Science Press', 'Delhi, India', 'info@isp.com', '+91-11-22334455', NOW()),
(5, 'Rupa Publications', 'Kolkata, India', 'info@rupapub.com', '+91-33-87654321', NOW());

-- ----------------------------
-- TABLE: PUBLISHERS – Odia Literature
-- ----------------------------
INSERT INTO publishers (publisher_id, name, location, contact_email, phone, created_at) VALUES
(11, 'Chaukhambha Sanskrit Pratishthan', 'Varanasi, India', 'contact@chaukhambha.com', '+91-542-2501122', NOW()),
(12, 'Parimal Publications', 'Delhi, India', 'contact@parimalpublications.in', '+91-11-26541234', NOW());

-- ----------------------------
-- TABLE: PUBLISHERS – Additional Odia Publishers
-- ----------------------------
INSERT INTO publishers (publisher_id, name, location, contact_email, phone, created_at) VALUES
(16, 'Geeta Press', 'Gorakhpur, India', 'info@geetapress.com', '+91-551-2223445', NOW());

-- ----------------------------
-- TABLE: PUBLISHERS – Bangla Literature
-- ----------------------------
INSERT INTO publishers (publisher_id, name, location, contact_email, phone, created_at) VALUES
(21, 'Ananda Publishers', 'Kolkata, India', 'info@anandapub.in', '+91-33-22446688', NOW()),
(22, 'Deb Sahitya Kutir', 'Kolkata, India', 'contact@debsahityakutir.in', '+91-33-22558899', NOW()),
(23, 'Visva-Bharati Publishing', 'Santiniketan, India', 'publishing@visvabharati.ac.in', '+91-3463-275021', NOW()),
(24, 'Paschimbanga Bangla Akademi', 'Kolkata, India', 'info@banglaakademi.in', '+91-33-22447766', NOW()),
(25, 'Seagull Books', 'Kolkata, India', 'contact@seagullbooks.com', '+91-33-22448877', NOW()),

(27, 'Mitra & Ghosh Publishers', 'Kolkata, India', 'contact@mitraghosh.com', '+91-33-22449900', NOW()),
(28, 'Punascha Publications', 'Kolkata, India', 'info@punascha.in', '+91-33-22440011', NOW()),
(29, 'Sarat Book Agency', 'Kolkata, India', 'info@saratbooks.in', '+91-33-22442233', NOW());

-- ----------------------------
-- TABLE: PUBLISHERS – Hindi Literature
-- ----------------------------
INSERT INTO publishers (publisher_id, name, location, contact_email, phone, created_at) VALUES
(41, 'Sahitya Akademi', 'New Delhi, India', 'contact@sahitya-akademi.in', '+91-11-23388295', NOW()),
(42, 'Rajkamal Prakashan', 'New Delhi, India', 'info@rajkamalprakashan.com', '+91-11-23384455', NOW()),
(43, 'Chaukhamba Sanskrit Series', 'Varanasi, India', 'info@chaukhamba.com', '+91-542-2502200', NOW()),
(45, 'Lala Lajpat Rai Publications', 'Punjab, India', 'info@llrpub.in', '+91-181-2223344', NOW()),
(46, 'Kitab Ghar', 'Patna, India', 'contact@kitabghar.in', '+91-612-2224455', NOW()),
(47, 'Geetanjali Prakashan', 'Lucknow, India', 'info@geetanjaliprakashan.in', '+91-522-2233445', NOW()),
(48, 'Nirala Prakashan', 'Kanpur, India', 'contact@niralaprakashan.in', '+91-512-2233667', NOW()),
(49, 'Gupt Sahitya Sadan', 'Allahabad, India', 'info@guptsahitya.in', '+91-532-2223344', NOW()),
(50, 'Harishchandra Prakashan', 'Varanasi, India', 'contact@harishchandraprakashan.in', '+91-542-2233445', NOW());

-- ----------------------------
-- TABLE: PUBLISHERS – Sanskrit Literature
-- ----------------------------
INSERT INTO publishers (publisher_id, name, location, contact_email, phone, created_at) VALUES
(64, 'Patanjali Research Foundation', 'Haridwar, India', 'contact@patanjalifoundation.org', '+91-1334-223355', NOW()),
(65, 'Panini Sanskrit Series', 'Mumbai, India', 'info@paninisanskrit.com', '+91-22-22334455', NOW()),
(66, 'Upanishad Publications', 'Delhi, India', 'contact@upanishadpub.in', '+91-11-22334466', NOW()),
(67, 'Veda Vijnana Prakashan', 'Varanasi, India', 'info@vedavijnana.org', '+91-542-2233555', NOW()),
(68, 'Manusmriti Prakashan', 'Pune, India', 'contact@manusmriti.in', '+91-20-22334477', NOW()),
(69, 'Brahmasutra Publications', 'Delhi, India', 'info@brahmasutra.com', '+91-11-22336688', NOW()),
(70, 'Ayurveda Prakashan', 'Mumbai, India', 'contact@ayurvedaprakashan.in', '+91-22-22337799', NOW()),
(71, 'Charaka Samhita Prakashan', 'Haridwar, India', 'info@charakasamhita.org', '+91-1334-223399', NOW()),
(72, 'Sushruta Samhita Foundation', 'Varanasi, India', 'contact@sushrutasamhita.in', '+91-542-2233999', NOW()),
(73, 'Panchatantra Publications', 'Delhi, India', 'info@panchatantra.org', '+91-11-22338877', NOW()),
(74, 'Hitopadesha Prakashan', 'Varanasi, India', 'contact@hitopadesh.com', '+91-542-2233888', NOW()),
(75, 'Kalidasa Samhita', 'Mysore, India', 'info@kalidasasamhita.org', '+91-821-2233445', NOW()),
(76, 'Natyashastra Trust', 'Delhi, India', 'contact@natyashastra.in', '+91-11-22339900', NOW()),
(77, 'Vedic Hymns Publications', 'Varanasi, India', 'info@vedichymns.org', '+91-542-2233777', NOW());

-- ----------------------------
-- TABLE: PUBLISHERS – Sanskrit Literature (continued)
-- ----------------------------
INSERT INTO publishers (publisher_id, name, location, contact_email, phone, created_at) VALUES
(78, 'Vaishnava Prakashan', 'Vrindavan, India', 'info@vaishnavaprakashan.org', '+91-0565-223344', NOW()),
(79, 'Puranic Publications', 'Varanasi, India', 'contact@puranicpub.org', '+91-542-223366', NOW()),
(80, 'Shaiva Samhita Prakashan', 'Kashipur, India', 'info@shaivasamhita.org', '+91-05947-223355', NOW()),
(81, 'Arthashastra Foundation', 'Delhi, India', 'contact@arthashastrafoundation.in', '+91-11-22339900', NOW()),
(82, 'Manimekalai Press', 'Tamil Nadu, India', 'info@manimekalai.org', '+91-431-2233445', NOW()),
(83, 'Shatakatrayi Publications', 'Varanasi, India', 'contact@shatakatrayi.in', '+91-542-2233777', NOW()),
(84, 'Jayadeva Prakashan', 'Odisha, India', 'info@jayadevaprakashan.org', '+91-674-2233445', NOW()),
(85, 'Tantra Vijnana Prakashan', 'Uttarakhand, India', 'contact@tantravijnana.org', '+91-1334-223399', NOW()),
(86, 'Prabandha Chintamani Press', 'Kolkata, India', 'info@prabandhachintamani.org', '+91-33-22334455', NOW()),
(87, 'Harivamsa Publications', 'Varanasi, India', 'contact@harivamsa.org', '+91-542-2233555', NOW()),
(88, 'Shiva Sutras Prakashan', 'Kashmir, India', 'info@shivasutras.org', '+91-194-2233444', NOW()),
(89, 'Yoga Vasistha Foundation', 'Rishikesh, India', 'contact@yogavasistha.in', '+91-1334-2233888', NOW()),
(90, 'Lalita Sahasranama Publications', 'Tirupati, India', 'info@lalitasahasranama.org', '+91-877-2233444', NOW()),
(91, 'Jain Literature Society', 'Pune, India', 'contact@jainliterature.org', '+91-20-22339900', NOW()),
(92, 'Dharmashastra Publications', 'Varanasi, India', 'info@dharmashastra.org', '+91-542-2233777', NOW()),
(93, 'Sanskrit Drama Samhita', 'Delhi, India', 'contact@sanskritdrama.in', '+91-11-22334466', NOW()),
(94, 'Sanskrit Poetry Prakashan', 'Kolkata, India', 'info@sanskritpoetry.org', '+91-33-22338877', NOW());

INSERT INTO publishers (publisher_id, name, location, contact_email, phone, created_at) VALUES
(95, 'Bantam Books', 'USA', 'contact@bantambooks.com', '+1-212-782-9000', NOW()),
(96, 'Random House', 'USA', 'info@randomhouse.com', '+1-212-782-9000', NOW()),
(97, 'Oxford University Press', 'UK', 'info@oup.com', '+44-1865-556767', NOW()),
(98, 'Scribner', 'USA', 'contact@scribner.com', '+1-212-698-7000', NOW()),
(99, 'Houghton Mifflin', 'USA', 'info@hmhco.com', '+1-617-351-5000', NOW()),
(100, 'W.W. Norton & Company', 'USA', 'contact@wwnorton.com', '+1-212-691-1700', NOW()),
(101, 'Farrar, Straus and Giroux', 'USA', 'info@fsgbooks.com', '+1-212-696-7000', NOW()),
(102, 'Harper', 'UK', 'contact@harpercollins.co.uk', '+44-20-7017-5000', NOW()),
(103, 'Penguin Classics', 'UK', 'info@penguinclassics.co.uk', '+44-20-7010-3000', NOW()),
(105, 'Princeton University Press', 'USA', 'info@press.princeton.edu', '+1-609-258-4900', NOW()),
(106, 'Simon & Schuster', 'USA', 'contact@simonandschuster.com', '+1-212-698-7000', NOW()),
(108, 'Penguin Books', 'UK', 'info@penguin.co.uk', '+44-20-7010-3000', NOW()),
(111, 'Crown Publishing Group', 'USA', 'info@crownpublishing.com', '+1-212-782-9000', NOW()),
(112, 'Basic Books', 'USA', 'contact@basicbooks.com', '+1-212-727-1100', NOW()),
(113, 'Broadway Books', 'USA', 'info@broadwaybooks.com', '+1-212-782-9000', NOW()),
(114, 'Henry Holt & Co.', 'USA', 'contact@holt.com', '+1-212-647-2500', NOW()),
(116, 'University of Chicago Press', 'USA', 'contact@press.uchicago.edu', '+1-773-702-7000', NOW());

INSERT INTO publishers (publisher_id, name, location, contact_email, phone, created_at) VALUES
(117, 'Bloomsbury Publishing', 'UK', 'info@bloomsbury.com', '+44-20-7631-5600', NOW()),
(118, 'Doubleday', 'USA', 'contact@doubleday.com', '+1-212-782-9000', NOW()),
(124, 'HarperCollins', 'UK', 'contact@harpercollins.co.uk', '+44-20-7017-5000', NOW()),
(127, 'Eher Verlag', 'NAZI Germany', NULL, NULL, NOW());

-- ----------------------------
-- TABLE: CUSTOMERS
-- ----------------------------
INSERT INTO customers (customer_id, full_name, email, phone, address, city, state, country, postal_code, created_at) VALUES
(1, 'Adolf Vijayananda', 'adolf.vijayananda@aksarangi.netlify.app', '+91-9876501111', '12 History Lane', 'Bhubaneswar', 'Odisha', 'India', '751001', NOW()),
(2, 'Albert Kejriwal', 'albert.kejriwal@aksarangi.netlify.app', '+91-9876502222', '5 Quantum Street', 'Kolkata', 'West Bengal', 'India', '700001', NOW()),
(3, 'Ramesh Choudhury', 'ramesh.choudhury@aksarangi.netlify.app', '+91-9433012345', '21 Gandhi Road', 'Cuttack', 'Odisha', 'India', '753001', NOW()),
(4, 'Sushmita Mukherjee', 'sushmita.mukherjee@aksarangi.netlify.app', '+91-9876543210', '45 Park Street', 'Kolkata', 'West Bengal', 'India', '700016', NOW()),
(5, 'Bhaskar Soren', 'bhaskar.soren@aksarangi.netlify.app', '+91-9433123456', '10 Tribal Colony', 'Ranchi', 'Jharkhand', 'India', '834001', NOW()),
(6, 'Ananya Singh', 'ananya.singh@aksarangi.netlify.app', '+91-9876543321', '123 MG Road', 'Bhubaneswar', 'Odisha', 'India', '751001', NOW()),
(7, 'Partha Das', 'partha.das@aksarangi.netlify.app', '+91-9830012345', '78 Salt Lake', 'Kolkata', 'West Bengal', 'India', '700064', NOW()),
(8, 'Rohit Kumar', 'rohit.kumar@aksarangi.netlify.app', '+91-9433001122', '56 Ranchi Road', 'Ranchi', 'Jharkhand', 'India', '834002', NOW()),
(9, 'Megha Pattnaik', 'megha.pattnaik@aksarangi.netlify.app', '+91-9433112233', '18 Railway Colony', 'Rourkela', 'Odisha', 'India', '751002', NOW()),
(10, 'Sanjay Bhattacharya', 'sanjay.bhattacharya@aksarangi.netlify.app', '+91-9830023344', '101 Chowringhee', 'Kolkata', 'West Bengal', 'India', '700019', NOW()),
(11, 'Alok Ranjan', 'alok.ranjan@aksarangi.netlify.app', '+91-9433234455', '23 Hilltop', 'Ranchi', 'Jharkhand', 'India', '834003', NOW()),
(12, 'Priya Mohanty', 'priya.mohanty@aksarangi.netlify.app', '+91-9876544433', '76 Gandhi Nagar', 'Bhubaneswar', 'Odisha', 'India', '751003', NOW()),
(13, 'Tanmay Das', 'tanmay.das@aksarangi.netlify.app', '+91-9830034455', '89 Salt Lake', 'Kolkata', 'West Bengal', 'India', '700065', NOW()),
(14, 'Satyajit Mahato', 'satyajit.mahato@aksarangi.netlify.app', '+91-9433345566', '12 Tribal Lane', 'Ranchi', 'Jharkhand', 'India', '834004', NOW()),
(15, 'Deepika Patnaik', 'deepika.patnaik@aksarangi.netlify.app', '+91-9433456677', '44 Panposh', 'Rourkela', 'Odisha', 'India', '751004', NOW()),
(16, 'Rohini Banerjee', 'rohini.banerjee@aksarangi.netlify.app', '+91-9830045566', '56 Park Street', 'Kolkata', 'West Bengal', 'India', '700020', NOW()),
(17, 'Manoj Hembram', 'manoj.hembram@aksarangi.netlify.app', '+91-9433567788', '99 Tribal Colony', 'Ranchi', 'Jharkhand', 'India', '834005', NOW()),
(18, 'Sunita Mishra', 'sunita.mishra@aksarangi.netlify.app', '+91-9876545544', '122 MG Road', 'Bhubaneswar', 'Odisha', 'India', '751005', NOW()),
(19, 'Aniket Chatterjee', 'aniket.chatterjee@aksarangi.netlify.app', '+91-9830056677', '77 Salt Lake', 'Kolkata', 'West Bengal', 'India', '700066', NOW()),
(20, 'Ravi Oraon', 'ravi.oraon@aksarangi.netlify.app', '+91-9433678899', '5 Hill Colony', 'Ranchi', 'Jharkhand', 'India', '834006', NOW()),
(21, 'Krishna Mohapatra', 'krishna.mohapatra@aksarangi.netlify.app', '+91-9433789900', '89 Sessions Court Road', 'Rourkela', 'Odisha', 'India', '751006', NOW()),
(22, 'Subhajit Dutta', 'subhajit.dutta@aksarangi.netlify.app', '+91-9830067788', '34 Park Street', 'Kolkata', 'West Bengal', 'India', '700021', NOW()),
(23, 'Sandeep Toppo', 'sandeep.toppo@aksarangi.netlify.app', '+91-9433890011', '66 Tribal Colony', 'Ranchi', 'Jharkhand', 'India', '834007', NOW()),
(24, 'Bhumika Das', 'bhumika.das@aksarangi.netlify.app', '+91-9876546655', '15 Telegu Basti', 'Rourkela', 'Odisha', 'India', '751007', NOW()),
(25, 'Rina Ghosh', 'rina.ghosh@aksarangi.netlify.app', '+91-9830078899', '21 Chowringhee', 'Kolkata', 'West Bengal', 'India', '700022', NOW()),
(26, 'Kartik Hembram', 'kartik.hembram@aksarangi.netlify.app', '+91-9433901122', '78 Hilltop', 'Ranchi', 'Jharkhand', 'India', '834008', NOW()),
(27, 'Abheek Kumar Sarangi', 'abheek@aksarangi.netlify.app', '+91-9876547766', '45 Madhusudan Pally', 'Rourkela', 'Odisha', 'India', '751008', NOW()),
(28, 'Arjun Banerjee', 'arjun.banerjee@aksarangi.netlify.app', '+91-9830089900', '56 Park Street', 'Kolkata', 'West Bengal', 'India', '700023', NOW()),
(29, 'Manas Soren', 'manas.soren@aksarangi.netlify.app', '+91-9434012233', '12 Tribal Lane', 'Ranchi', 'Jharkhand', 'India', '834009', NOW()),
(30, 'Pallavi Mishra', 'pallavi.mishra@aksarangi.netlify.app', '+91-9876548877', '101 MG Road', 'Bhubaneswar', 'Odisha', 'India', '751009', NOW()),
(31, 'Aditya Choudhury', 'aditya.choudhury@aksarangi.netlify.app', '+91-9830090011', '78 Salt Lake', 'Kolkata', 'West Bengal', 'India', '700024', NOW()),
(32, 'Sanjay Toppo', 'sanjay.toppo@aksarangi.netlify.app', '+91-9434123344', '5 Hill Colony', 'Ranchi', 'Jharkhand', 'India', '834010', NOW()),
(33, 'Neha Mohapatra', 'neha.mohapatra@aksarangi.netlify.app', '+91-9434234455', '18 Gandhi Road', 'Bhubaneswar', 'Odisha', 'India', '751010', NOW()),
(34, 'Ritika Dutta', 'ritika.dutta@aksarangi.netlify.app', '+91-9830101122', '34 Park Street', 'Kolkata', 'West Bengal', 'India', '700025', NOW()),
(35, 'Prakash Oraon', 'prakash.oraon@aksarangi.netlify.app', '+91-9434345566', '66 Tribal Colony', 'Ranchi', 'Jharkhand', 'India', '834011', NOW()),
(36, 'Laxmi Patnaik', 'laxmi.patnaik@aksarangi.netlify.app', '+91-9876549988', '15 Forest Lane', 'Bhubaneswar', 'Odisha', 'India', '751011', NOW()),
(37, 'Arpita Ghosh', 'arpita.ghosh@aksarangi.netlify.app', '+91-9830112233', '21 Chowringhee', 'Kolkata', 'West Bengal', 'India', '700026', NOW()),
(38, 'Rajan Hembram', 'rajan.hembram@aksarangi.netlify.app', '+91-9434456677', '78 Hilltop', 'Ranchi', 'Jharkhand', 'India', '834012', NOW()),
(39, 'Ishita Das', 'ishita.das@aksarangi.netlify.app', '+91-9876550011', '45 MG Road', 'Bhubaneswar', 'Odisha', 'India', '751012', NOW()),
(40, 'Sourav Banerjee', 'sourav.banerjee@aksarangi.netlify.app', '+91-9830123344', '56 Park Street', 'Kolkata', 'West Bengal', 'India', '700027', NOW()),
(41, 'Harish Soren', 'harish.soren@aksarangi.netlify.app', '+91-9434567788', '12 Tribal Lane', 'Ranchi', 'Jharkhand', 'India', '834013', NOW()),
(42, 'Chitra Mohanty', 'chitra.mohanty@aksarangi.netlify.app', '+91-9876551122', '101 Gandhi Road', 'Bhubaneswar', 'Odisha', 'India', '751013', NOW()),
(43, 'Animesh Dutta', 'animesh.dutta@aksarangi.netlify.app', '+91-9830134455', '34 Park Street', 'Kolkata', 'West Bengal', 'India', '700028', NOW()),
(44, 'Kamal Oraon', 'kamal.oraon@aksarangi.netlify.app', '+91-9434678899', '66 Hill Colony', 'Ranchi', 'Jharkhand', 'India', '834014', NOW()),
(45, 'Poonam Patnaik', 'poonam.patnaik@aksarangi.netlify.app', '+91-9876552233', '15 Forest Lane', 'Bhubaneswar', 'Odisha', 'India', '751014', NOW()),
(46, 'Vikram Ghosh', 'vikram.ghosh@aksarangi.netlify.app', '+91-9830145566', '21 Chowringhee', 'Kolkata', 'West Bengal', 'India', '700029', NOW()),
(47, 'Ajay Hembram', 'ajay.hembram@aksarangi.netlify.app', '+91-9434789900', '78 Hilltop', 'Ranchi', 'Jharkhand', 'India', '834015', NOW()),
(48, 'Swati Mohanty', 'swati.mohanty@aksarangi.netlify.app', '+91-9876553344', '45 MG Road', 'Bhubaneswar', 'Odisha', 'India', '751015', NOW()),
(49, 'Pranav Banerjee', 'pranav.banerjee@aksarangi.netlify.app', '+91-9830156677', '56 Park Street', 'Kolkata', 'West Bengal', 'India', '700030', NOW()),
(50, 'Vishal Toppo', 'vishal.toppo@aksarangi.netlify.app', '+91-9434890011', '12 Tribal Lane', 'Ranchi', 'Jharkhand', 'India', '834016', NOW());

-- ----------------------------
-- TABLE: ORDERS (150 synthetic orders)
-- ----------------------------
INSERT INTO orders (order_id, customer_id, order_date, total_amount, status) VALUES
(1, 1, '2023-11-10 10:15:00', 3200.00, 'Delivered'),
(2, 2, '2024-01-05 12:30:00', 4500.00, 'Shipped'),
(3, 3, '2024-02-12 15:45:00', 2800.00, 'Confirmed'),
(4, 4, '2023-12-01 09:20:00', 1800.00, 'Delivered'),
(5, 5, '2024-03-18 14:50:00', 2500.00, 'Pending'),
(6, 6, '2023-11-22 16:10:00', 3900.00, 'Delivered'),
(7, 7, '2024-02-28 11:05:00', 3200.00, 'Cancelled'),
(8, 8, '2023-12-15 17:45:00', 2700.00, 'Shipped'),
(9, 9, '2024-01-20 19:30:00', 3100.00, 'Delivered'),
(10, 10, '2024-03-02 13:10:00', 2800.00, 'Confirmed'),
(11, 11, '2024-02-05 10:45:00', 3500.00, 'Delivered'),
(12, 12, '2024-01-15 09:30:00', 4200.00, 'Shipped'),
(13, 13, '2023-12-28 14:20:00', 2750.00, 'Confirmed'),
(14, 14, '2023-11-30 12:00:00', 1800.00, 'Delivered'),
(15, 15, '2024-02-10 15:15:00', 2500.00, 'Pending'),
(16, 16, '2024-03-22 16:40:00', 3900.00, 'Delivered'),
(17, 17, '2024-01-09 10:50:00', 3200.00, 'Cancelled'),
(18, 18, '2023-12-19 13:25:00', 2700.00, 'Shipped'),
(19, 19, '2024-02-02 18:00:00', 3100.00, 'Delivered'),
(20, 20, '2024-03-12 14:35:00', 2800.00, 'Confirmed'),
(21, 21, '2023-11-18 09:10:00', 3500.00, 'Delivered'),
(22, 22, '2024-01-25 12:40:00', 4200.00, 'Shipped'),
(23, 23, '2024-02-18 16:15:00', 2750.00, 'Confirmed'),
(24, 24, '2023-12-05 10:30:00', 1800.00, 'Delivered'),
(25, 25, '2024-03-08 14:50:00', 2500.00, 'Pending'),
(26, 26, '2024-01-12 15:20:00', 3900.00, 'Delivered'),
(27, 27, '2024-02-25 11:10:00', 3200.00, 'Cancelled'),
(28, 28, '2023-12-22 13:40:00', 2700.00, 'Shipped'),
(29, 29, '2024-01-30 17:05:00', 3100.00, 'Delivered'),
(30, 30, '2024-03-05 12:15:00', 2800.00, 'Confirmed'),
(31, 31, '2023-11-26 10:20:00', 3500.00, 'Delivered'),
(32, 32, '2024-02-07 13:45:00', 4200.00, 'Shipped'),
(33, 33, '2024-01-18 15:30:00', 2750.00, 'Confirmed'),
(34, 34, '2023-12-10 09:50:00', 1800.00, 'Delivered'),
(35, 35, '2024-03-14 14:10:00', 2500.00, 'Pending'),
(36, 36, '2024-01-06 16:35:00', 3900.00, 'Delivered'),
(37, 37, '2024-02-20 11:50:00', 3200.00, 'Cancelled'),
(38, 38, '2023-12-18 13:20:00', 2700.00, 'Shipped'),
(39, 39, '2024-01-28 17:45:00', 3100.00, 'Delivered'),
(40, 40, '2024-03-10 12:25:00', 2800.00, 'Confirmed'),
(41, 41, '2023-11-12 09:15:00', 3500.00, 'Delivered'),
(42, 42, '2024-01-08 12:50:00', 4200.00, 'Shipped'),
(43, 43, '2024-02-15 16:30:00', 2750.00, 'Confirmed'),
(44, 44, '2023-12-03 10:45:00', 1800.00, 'Delivered'),
(45, 45, '2024-03-20 14:05:00', 2500.00, 'Pending'),
(46, 46, '2024-01-17 15:25:00', 3900.00, 'Delivered'),
(47, 47, '2024-02-28 11:35:00', 3200.00, 'Cancelled'),
(48, 48, '2023-12-21 13:50:00', 2700.00, 'Shipped'),
(49, 49, '2024-01-29 17:15:00', 3100.00, 'Delivered'),
(50, 50, '2024-03-07 12:40:00', 2800.00, 'Confirmed'),
(51, 5, '2023-11-25 10:05:00', 3200.00, 'Delivered'),
(52, 8, '2024-02-11 14:25:00', 4500.00, 'Shipped');

INSERT INTO orders (order_id, customer_id, order_date, total_amount, status) VALUES
(53, 12, '2024-01-03 13:45:00', 2700.00, 'Shipped'),
(54, 18, '2024-02-07 16:30:00', 3500.00, 'Confirmed'),
(55, 24, '2023-12-09 10:15:00', 1800.00, 'Delivered'),
(56, 30, '2024-03-11 14:50:00', 4200.00, 'Pending'),
(57, 36, '2023-11-15 15:20:00', 3200.00, 'Delivered'),
(58, 42, '2024-01-19 12:40:00', 2750.00, 'Cancelled'),
(59, 48, '2024-02-25 17:05:00', 2500.00, 'Shipped'),
(60, 5, '2023-12-21 09:35:00', 3100.00, 'Delivered'),
(61, 11, '2024-03-02 13:50:00', 2800.00, 'Confirmed'),
(62, 17, '2024-01-28 10:20:00', 3500.00, 'Delivered'),
(63, 23, '2023-11-18 14:05:00', 4200.00, 'Shipped'),
(64, 29, '2024-02-16 16:40:00', 1800.00, 'Confirmed'),
(65, 35, '2024-03-05 11:25:00', 2500.00, 'Delivered'),
(66, 41, '2023-12-12 13:15:00', 3200.00, 'Pending'),
(67, 47, '2024-01-09 15:35:00', 2700.00, 'Delivered'),
(68, 4, '2024-02-22 10:45:00', 3100.00, 'Shipped'),
(69, 10, '2023-11-30 14:50:00', 2800.00, 'Delivered'),
(70, 16, '2024-03-14 12:10:00', 3500.00, 'Confirmed'),
(71, 22, '2024-01-06 11:30:00', 4200.00, 'Shipped'),
(72, 28, '2023-12-17 16:25:00', 1800.00, 'Delivered'),
(73, 34, '2024-02-05 13:45:00', 2500.00, 'Pending'),
(74, 40, '2024-03-08 10:55:00', 3200.00, 'Delivered'),
(75, 3, '2023-11-20 12:15:00', 2700.00, 'Cancelled'),
(76, 9, '2024-01-22 14:40:00', 3100.00, 'Shipped'),
(77, 15, '2024-02-10 11:20:00', 2800.00, 'Delivered'),
(78, 21, '2023-12-04 13:35:00', 3500.00, 'Confirmed'),
(79, 27, '2024-03-16 15:50:00', 4200.00, 'Shipped'),
(80, 33, '2023-11-25 09:30:00', 1800.00, 'Delivered'),
(81, 39, '2024-01-12 12:55:00', 2500.00, 'Pending'),
(82, 45, '2024-02-18 14:10:00', 3200.00, 'Delivered'),
(83, 2, '2023-12-07 16:35:00', 2700.00, 'Cancelled'),
(84, 8, '2024-03-01 11:50:00', 3100.00, 'Shipped'),
(85, 14, '2024-01-26 13:25:00', 2800.00, 'Delivered'),
(86, 20, '2023-12-15 15:10:00', 3500.00, 'Confirmed'),
(87, 26, '2024-02-08 10:40:00', 4200.00, 'Shipped'),
(88, 32, '2024-03-10 12:20:00', 1800.00, 'Delivered'),
(89, 38, '2023-11-28 14:35:00', 2500.00, 'Pending'),
(90, 44, '2024-01-18 16:50:00', 3200.00, 'Delivered'),
(91, 1, '2024-02-12 09:30:00', 2700.00, 'Cancelled'),
(92, 7, '2024-03-03 11:45:00', 3100.00, 'Shipped'),
(93, 13, '2023-12-09 13:15:00', 2800.00, 'Delivered'),
(94, 19, '2024-01-07 15:30:00', 3500.00, 'Confirmed'),
(95, 25, '2024-02-24 10:50:00', 4200.00, 'Shipped'),
(96, 31, '2023-11-19 12:05:00', 1800.00, 'Delivered'),
(97, 37, '2024-03-12 14:20:00', 2500.00, 'Pending'),
(98, 43, '2024-01-04 16:40:00', 3200.00, 'Delivered'),
(99, 49, '2024-02-15 11:10:00', 2700.00, 'Cancelled'),
(100, 50, '2024-03-06 13:25:00', 3100.00, 'Shipped');

-- ----------------------------
-- TABLE: ORDERS (orders 101–150)
-- ----------------------------
INSERT INTO orders (order_id, customer_id, order_date, total_amount, status) VALUES
(101, 3, '2023-11-21 10:15:00', 3400.00, 'Delivered'),
(102, 9, '2024-01-11 13:40:00', 2900.00, 'Shipped'),
(103, 15, '2024-02-05 15:25:00', 3600.00, 'Confirmed'),
(104, 21, '2023-12-12 11:05:00', 2000.00, 'Delivered'),
(105, 27, '2024-03-14 14:50:00', 4100.00, 'Pending'),
(106, 33, '2023-11-16 16:30:00', 3250.00, 'Delivered'),
(107, 39, '2024-01-19 12:45:00', 2750.00, 'Cancelled'),
(108, 45, '2024-02-22 17:15:00', 2600.00, 'Shipped'),
(109, 2, '2023-12-20 09:40:00', 3100.00, 'Delivered'),
(110, 8, '2024-03-02 13:10:00', 2850.00, 'Confirmed'),
(111, 14, '2024-01-08 10:25:00', 3500.00, 'Delivered'),
(112, 20, '2023-12-18 14:45:00', 4200.00, 'Shipped'),
(113, 26, '2024-02-07 16:05:00', 1850.00, 'Confirmed'),
(114, 32, '2024-03-10 11:20:00', 2550.00, 'Delivered'),
(115, 38, '2023-11-28 13:50:00', 3300.00, 'Pending'),
(116, 44, '2024-01-18 15:15:00', 2800.00, 'Delivered'),
(117, 1, '2024-02-12 09:35:00', 2700.00, 'Cancelled'),
(118, 7, '2024-03-03 11:50:00', 3100.00, 'Shipped'),
(119, 13, '2023-12-09 13:30:00', 2850.00, 'Delivered'),
(120, 19, '2024-01-07 15:45:00', 3550.00, 'Confirmed'),
(121, 25, '2024-02-24 10:55:00', 4200.00, 'Shipped'),
(122, 31, '2023-11-19 12:10:00', 1900.00, 'Delivered'),
(123, 37, '2024-03-12 14:30:00', 2500.00, 'Pending'),
(124, 43, '2024-01-04 16:50:00', 3250.00, 'Delivered'),
(125, 49, '2024-02-15 11:15:00', 2750.00, 'Cancelled'),
(126, 5, '2023-12-01 09:25:00', 3100.00, 'Shipped'),
(127, 11, '2024-03-08 13:45:00', 2850.00, 'Delivered'),
(128, 17, '2024-01-28 10:40:00', 3550.00, 'Confirmed'),
(129, 23, '2023-12-05 14:10:00', 4200.00, 'Shipped'),
(130, 29, '2024-02-18 16:30:00', 1850.00, 'Delivered'),
(131, 35, '2024-03-05 11:25:00', 2600.00, 'Pending'),
(132, 41, '2023-12-12 13:15:00', 3300.00, 'Delivered'),
(133, 47, '2024-01-09 15:35:00', 2800.00, 'Cancelled'),
(134, 4, '2024-02-22 10:45:00', 2700.00, 'Shipped'),
(135, 10, '2023-11-30 14:50:00', 3100.00, 'Delivered'),
(136, 16, '2024-03-14 12:10:00', 2850.00, 'Confirmed'),
(137, 22, '2024-01-06 11:30:00', 3550.00, 'Shipped'),
(138, 28, '2023-12-17 16:25:00', 1800.00, 'Delivered'),
(139, 34, '2024-02-05 13:45:00', 2550.00, 'Pending'),
(140, 40, '2024-03-08 10:55:00', 3200.00, 'Delivered'),
(141, 3, '2023-11-20 12:15:00', 2700.00, 'Cancelled'),
(142, 9, '2024-01-22 14:40:00', 3100.00, 'Shipped'),
(143, 15, '2024-02-10 11:20:00', 2850.00, 'Delivered'),
(144, 21, '2023-12-04 13:35:00', 3550.00, 'Confirmed'),
(145, 27, '2024-03-16 15:50:00', 4200.00, 'Shipped'),
(146, 33, '2023-11-25 09:30:00', 1850.00, 'Delivered'),
(147, 39, '2024-01-12 12:55:00', 2550.00, 'Pending'),
(148, 45, '2024-02-18 14:10:00', 3200.00, 'Delivered'),
(149, 2, '2023-12-07 16:35:00', 2750.00, 'Cancelled'),
(150, 8, '2024-03-01 11:50:00', 3100.00, 'Shipped');

-- ----------------------------
-- TABLE: ORDER_ITEMS (orders 1–50)
-- ----------------------------
INSERT INTO order_items (order_id, book_id, quantity, price_each) VALUES
(1, 420, 1, 1800.00),
(1, 12, 2, 1700.00),
(2, 20, 1, 1200.00),
(2, 35, 1, 1800.00),
(3, 50, 1, 1500.00),
(3, 65, 1, 1250.00),
(4, 80, 1, 1800.00),
(5, 95, 1, 1500.00),
(5, 100, 1, 1000.00),
(6, 110, 2, 1950.00),
(7, 120, 1, 1600.00),
(7, 125, 1, 1600.00),
(8, 130, 1, 1350.00),
(8, 140, 1, 1350.00),
(9, 150, 1, 1600.00),
(10, 160, 1, 1500.00),
(10, 170, 1, 1300.00),
(11, 25, 1, 1450.00),
(11, 33, 1, 1750.00),
(12, 40, 2, 1200.00),
(12, 48, 1, 1300.00),
(13, 55, 1, 1500.00),
(14, 60, 1, 1600.00),
(14, 63, 1, 1700.00),
(15, 70, 1, 1500.00),
(15, 75, 2, 1000.00),
(16, 80, 1, 1950.00),
(16, 85, 1, 1200.00),
(17, 90, 1, 1600.00),
(18, 95, 1, 1400.00),
(18, 100, 1, 1300.00),
(19, 105, 1, 1550.00),
(19, 110, 2, 1600.00),
(20, 115, 1, 1350.00),
(20, 120, 1, 1450.00),
(21, 125, 1, 1500.00),
(22, 130, 1, 1600.00),
(22, 135, 1, 1800.00),
(23, 140, 2, 1200.00),
(23, 145, 1, 1500.00),
(24, 150, 1, 1800.00),
(25, 155, 1, 1500.00),
(25, 160, 1, 1000.00),
(26, 165, 2, 1950.00),
(27, 170, 1, 1600.00),
(27, 175, 1, 1600.00),
(28, 180, 1, 1350.00),
(28, 185, 1, 1350.00),
(29, 190, 1, 1600.00),
(30, 195, 1, 1500.00),
(30, 200, 1, 1300.00),
(31, 205, 1, 1450.00),
(31, 210, 1, 1750.00),
(32, 215, 2, 1200.00),
(32, 220, 1, 1300.00),
(33, 225, 1, 1500.00),
(34, 230, 1, 1600.00),
(34, 233, 1, 1700.00),
(35, 240, 1, 1500.00),
(35, 245, 2, 1000.00),
(36, 250, 1, 1950.00),
(36, 255, 1, 1200.00),
(37, 260, 1, 1600.00),
(38, 265, 1, 1400.00),
(38, 270, 1, 1300.00),
(39, 275, 1, 1550.00),
(39, 280, 2, 1600.00),
(40, 285, 1, 1350.00),
(40, 290, 1, 1450.00),
(41, 295, 1, 1500.00),
(42, 300, 1, 1600.00),
(42, 305, 1, 1800.00),
(43, 310, 2, 1200.00),
(43, 315, 1, 1500.00),
(44, 320, 1, 1800.00),
(45, 325, 1, 1500.00),
(45, 330, 1, 1000.00),
(46, 335, 2, 1950.00),
(47, 340, 1, 1600.00),
(47, 345, 1, 1600.00),
(48, 350, 1, 1350.00),
(48, 355, 1, 1350.00),
(49, 360, 1, 1600.00),
(50, 365, 1, 1500.00),
(50, 370, 1, 1300.00);

-- ----------------------------
-- TABLE: ORDER_ITEMS (orders 51–100)
-- ----------------------------
INSERT INTO order_items (order_id, book_id, quantity, price_each) VALUES
(51, 5, 1, 1800.00),
(51, 15, 1, 1750.00),
(52, 20, 2, 1200.00),
(52, 25, 1, 1800.00),
(53, 30, 1, 1500.00),
(54, 35, 1, 1250.00),
(54, 40, 1, 1600.00),
(55, 45, 1, 1500.00),
(55, 50, 2, 1000.00),
(56, 55, 1, 1950.00),
(57, 60, 1, 1600.00),
(57, 65, 1, 1600.00),
(58, 70, 1, 1350.00),
(58, 75, 1, 1350.00),
(59, 80, 1, 1600.00),
(60, 85, 1, 1500.00),
(60, 90, 1, 1300.00),
(61, 95, 1, 1450.00),
(61, 100, 1, 1750.00),
(62, 105, 2, 1200.00),
(62, 110, 1, 1300.00),
(63, 115, 1, 1500.00),
(64, 120, 1, 1600.00),
(64, 123, 1, 1700.00),
(65, 130, 1, 1500.00),
(65, 135, 2, 1000.00),
(66, 140, 1, 1950.00),
(66, 145, 1, 1200.00),
(67, 150, 1, 1600.00),
(68, 155, 1, 1400.00),
(68, 160, 1, 1300.00),
(69, 165, 1, 1550.00),
(69, 170, 2, 1600.00),
(70, 175, 1, 1350.00),
(70, 180, 1, 1450.00),
(71, 185, 1, 1500.00),
(72, 190, 1, 1600.00),
(72, 195, 1, 1800.00),
(73, 200, 2, 1200.00),
(73, 205, 1, 1500.00),
(74, 210, 1, 1800.00),
(75, 215, 1, 1500.00),
(75, 220, 1, 1000.00),
(76, 225, 2, 1950.00),
(77, 230, 1, 1600.00),
(77, 235, 1, 1600.00),
(78, 240, 1, 1350.00),
(78, 245, 1, 1350.00),
(79, 250, 1, 1600.00),
(80, 255, 1, 1500.00),
(80, 260, 1, 1300.00),
(81, 265, 1, 1450.00),
(81, 270, 1, 1750.00),
(82, 275, 2, 1200.00),
(82, 280, 1, 1300.00),
(83, 285, 1, 1500.00),
(84, 290, 1, 1600.00),
(84, 293, 1, 1700.00),
(85, 300, 1, 1500.00),
(85, 305, 2, 1000.00),
(86, 310, 1, 1950.00),
(86, 315, 1, 1200.00),
(87, 320, 1, 1600.00),
(88, 325, 1, 1400.00),
(88, 330, 1, 1300.00),
(89, 335, 1, 1550.00),
(89, 340, 2, 1600.00),
(90, 345, 1, 1350.00),
(90, 350, 1, 1450.00),
(91, 355, 1, 1500.00),
(92, 360, 1, 1600.00),
(92, 365, 1, 1800.00),
(93, 370, 2, 1200.00),
(93, 375, 1, 1500.00),
(94, 380, 1, 1800.00),
(95, 385, 1, 1500.00),
(95, 390, 1, 1000.00),
(96, 395, 2, 1950.00),
(97, 400, 1, 1600.00),
(97, 405, 1, 1600.00),
(98, 410, 1, 1350.00),
(98, 415, 1, 1350.00),
(99, 420, 1, 1600.00),
(100, 425, 1, 1500.00),
(100, 430, 1, 1300.00);

-- ----------------------------
-- TABLE: ORDER_ITEMS (orders 101–150)
-- ----------------------------
INSERT INTO order_items (order_id, book_id, quantity, price_each) VALUES
(101, 5, 1, 1800.00),
(101, 10, 2, 1750.00),
(102, 15, 1, 1200.00),
(102, 20, 1, 1800.00),
(103, 25, 1, 1500.00),
(103, 30, 1, 1250.00),
(104, 35, 1, 1600.00),
(105, 40, 1, 1500.00),
(105, 45, 2, 1000.00),
(106, 50, 1, 1950.00),
(107, 55, 1, 1600.00),
(107, 60, 1, 1600.00),
(108, 65, 1, 1350.00),
(108, 70, 1, 1350.00),
(109, 75, 1, 1600.00),
(110, 80, 1, 1500.00),
(110, 85, 1, 1300.00),
(111, 90, 1, 1450.00),
(111, 95, 1, 1750.00),
(112, 100, 2, 1200.00),
(112, 105, 1, 1300.00),
(113, 110, 1, 1500.00),
(114, 115, 1, 1600.00),
(114, 118, 1, 1700.00),
(115, 120, 1, 1500.00),
(115, 125, 2, 1000.00),
(116, 130, 1, 1950.00),
(116, 135, 1, 1200.00),
(117, 421, 1, 1600.00),
(118, 145, 1, 1400.00),
(118, 150, 1, 1300.00),
(119, 155, 1, 1550.00),
(119, 160, 2, 1600.00),
(120, 165, 1, 1350.00),
(120, 170, 1, 1450.00),
(121, 175, 1, 1500.00),
(122, 180, 1, 1600.00),
(122, 185, 1, 1800.00),
(123, 190, 2, 1200.00),
(123, 195, 1, 1500.00),
(124, 200, 1, 1800.00),
(125, 205, 1, 1500.00),
(125, 210, 1, 1000.00),
(126, 215, 2, 1950.00),
(127, 220, 1, 1600.00),
(127, 225, 1, 1600.00),
(128, 230, 1, 1350.00),
(128, 235, 1, 1350.00),
(129, 240, 1, 1600.00),
(130, 245, 1, 1500.00),
(130, 250, 1, 1300.00),
(131, 255, 1, 1450.00),
(131, 260, 1, 1750.00),
(132, 265, 2, 1200.00),
(132, 270, 1, 1300.00),
(133, 275, 1, 1500.00),
(134, 280, 1, 1600.00),
(134, 283, 1, 1700.00),
(135, 290, 1, 1500.00),
(135, 295, 2, 1000.00),
(136, 300, 1, 1950.00),
(136, 305, 1, 1200.00),
(137, 310, 1, 1600.00),
(138, 315, 1, 1400.00),
(138, 320, 1, 1300.00),
(139, 325, 1, 1550.00),
(139, 330, 2, 1600.00),
(140, 335, 1, 1350.00),
(140, 340, 1, 1450.00),
(141, 345, 1, 1500.00),
(142, 350, 1, 1600.00),
(142, 355, 1, 1800.00),
(143, 360, 2, 1200.00),
(143, 365, 1, 1500.00),
(144, 370, 1, 1800.00),
(145, 375, 1, 1500.00),
(145, 380, 1, 1000.00),
(146, 385, 2, 1950.00),
(147, 390, 1, 1600.00),
(147, 395, 1, 1600.00),
(148, 400, 1, 1350.00),
(148, 405, 1, 1350.00),
(149, 410, 1, 1600.00),
(150, 415, 1, 1500.00),
(150, 420, 1, 1300.00);

-- ----------------------------
-- TABLE: PAYMENTS (orders 1–150)
-- ----------------------------
INSERT INTO payments (payment_id, order_id, payment_method, amount, payment_status, transaction_id, payment_date) VALUES
(1, 1, 'UPI', 3400.00, 'Success', 'TXN001A', '2023-11-20 11:00:00'),
(2, 2, 'Card', 2900.00, 'Success', 'TXN002B', '2024-01-12 14:00:00'),
(3, 3, 'NetBanking', 3600.00, 'Success', 'TXN003C', '2024-02-06 16:00:00'),
(4, 4, 'Cash', 2000.00, 'Success', 'TXN004D', '2023-12-13 12:00:00'),
(5, 5, 'UPI', 4100.00, 'Pending', 'TXN005E', '2024-03-15 15:00:00'),
(6, 6, 'Card', 3250.00, 'Success', 'TXN006F', '2023-11-17 17:00:00'),
(7, 7, 'NetBanking', 2750.00, 'Failed', 'TXN007G', '2024-01-20 13:00:00'),
(8, 8, 'Cash', 2600.00, 'Success', 'TXN008H', '2024-02-23 18:00:00'),
(9, 9, 'UPI', 3100.00, 'Success', 'TXN009I', '2023-12-21 10:00:00'),
(10, 10, 'Card', 2850.00, 'Success', 'TXN010J', '2024-03-03 14:00:00'),
(11, 11, 'UPI', 3500.00, 'Success', 'TXN011K', '2024-01-09 11:00:00'),
(12, 12, 'Cash', 4200.00, 'Success', 'TXN012L', '2023-12-19 15:00:00'),
(13, 13, 'Card', 1850.00, 'Success', 'TXN013M', '2024-02-08 16:00:00'),
(14, 14, 'NetBanking', 2550.00, 'Success', 'TXN014N', '2024-03-11 12:00:00'),
(15, 15, 'UPI', 3300.00, 'Pending', 'TXN015O', '2023-11-29 14:00:00'),
(16, 16, 'Card', 2800.00, 'Success', 'TXN016P', '2024-01-19 16:00:00'),
(17, 17, 'NetBanking', 2700.00, 'Cancelled', 'TXN017Q', '2024-02-13 10:00:00'),
(18, 18, 'Cash', 3100.00, 'Success', 'TXN018R', '2024-03-04 12:00:00'),
(19, 19, 'UPI', 2850.00, 'Success', 'TXN019S', '2023-12-10 14:00:00'),
(20, 20, 'Card', 3550.00, 'Success', 'TXN020T', '2024-01-08 16:00:00'),
(21, 21, 'NetBanking', 4200.00, 'Success', 'TXN021U', '2024-02-25 11:00:00'),
(22, 22, 'Cash', 1900.00, 'Success', 'TXN022V', '2023-11-20 12:00:00'),
(23, 23, 'UPI', 2500.00, 'Pending', 'TXN023W', '2024-03-13 14:00:00'),
(24, 24, 'Card', 3250.00, 'Success', 'TXN024X', '2024-01-05 16:00:00'),
(25, 25, 'NetBanking', 2750.00, 'Cancelled', 'TXN025Y', '2024-02-16 11:00:00'),
(26, 26, 'Cash', 3100.00, 'Success', 'TXN026Z', '2023-12-02 10:00:00'),
(27, 27, 'UPI', 2850.00, 'Success', 'TXN027A', '2024-03-09 14:00:00'),
(28, 28, 'Card', 3550.00, 'Success', 'TXN028B', '2024-01-29 11:00:00'),
(29, 29, 'NetBanking', 4200.00, 'Success', 'TXN029C', '2023-12-06 15:00:00'),
(30, 30, 'Cash', 1850.00, 'Pending', 'TXN030D', '2024-02-06 13:00:00'),
(31, 31, 'UPI', 2600.00, 'Success', 'TXN031E', '2024-03-09 12:00:00'),
(32, 32, 'Card', 3300.00, 'Success', 'TXN032F', '2023-11-21 14:00:00'),
(33, 33, 'NetBanking', 2800.00, 'Cancelled', 'TXN033G', '2024-01-11 16:00:00'),
(34, 34, 'Cash', 3100.00, 'Success', 'TXN034H', '2024-02-04 10:00:00'),
(35, 35, 'UPI', 2850.00, 'Success', 'TXN035I', '2023-12-05 12:00:00'),
(36, 36, 'Card', 3550.00, 'Success', 'TXN036J', '2024-03-17 14:00:00'),
(37, 37, 'NetBanking', 4200.00, 'Success', 'TXN037K', '2024-01-14 16:00:00'),
(38, 38, 'Cash', 1850.00, 'Pending', 'TXN038L', '2024-02-07 11:00:00'),
(39, 39, 'UPI', 2550.00, 'Success', 'TXN039M', '2024-03-10 12:00:00'),
(40, 40, 'Card', 3200.00, 'Success', 'TXN040N', '2023-11-21 14:00:00'),
(41, 41, 'NetBanking', 2700.00, 'Cancelled', 'TXN041O', '2024-01-13 16:00:00'),
(42, 42, 'Cash', 3100.00, 'Success', 'TXN042P', '2024-02-01 10:00:00'),
(43, 43, 'UPI', 2850.00, 'Success', 'TXN043Q', '2023-12-03 12:00:00'),
(44, 44, 'Card', 3550.00, 'Success', 'TXN044R', '2024-03-05 14:00:00'),
(45, 45, 'NetBanking', 4200.00, 'Success', 'TXN045S', '2024-01-10 16:00:00'),
(46, 46, 'Cash', 1850.00, 'Pending', 'TXN046T', '2024-02-08 11:00:00'),
(47, 47, 'UPI', 2550.00, 'Success', 'TXN047U', '2024-03-11 12:00:00'),
(48, 48, 'Card', 3200.00, 'Success', 'TXN048V', '2023-11-22 14:00:00'),
(49, 49, 'NetBanking', 2750.00, 'Cancelled', 'TXN049W', '2024-01-12 16:00:00'),
(50, 50, 'Cash', 3100.00, 'Success', 'TXN050X', '2024-02-02 10:00:00');

-- ----------------------------
-- TABLE: PAYMENTS (orders 51–150)
-- ----------------------------
INSERT INTO payments (payment_id, order_id, payment_method, amount, payment_status, transaction_id, payment_date) VALUES
(51, 51, 'UPI', 3600.00, 'Success', 'TXN051A', '2024-01-05 12:00:00'),
(52, 52, 'Card', 3100.00, 'Success', 'TXN052B', '2024-01-12 14:00:00'),
(53, 53, 'NetBanking', 2750.00, 'Success', 'TXN053C', '2024-02-06 16:00:00'),
(54, 54, 'Cash', 3200.00, 'Success', 'TXN054D', '2024-02-13 12:00:00'),
(55, 55, 'UPI', 4100.00, 'Pending', 'TXN055E', '2024-03-15 15:00:00'),
(56, 56, 'Card', 3250.00, 'Success', 'TXN056F', '2024-01-17 17:00:00'),
(57, 57, 'NetBanking', 2750.00, 'Cancelled', 'TXN057G', '2024-01-20 13:00:00'),
(58, 58, 'Cash', 2600.00, 'Success', 'TXN058H', '2024-02-23 18:00:00'),
(59, 59, 'UPI', 3100.00, 'Success', 'TXN059I', '2024-01-21 10:00:00'),
(60, 60, 'Card', 2850.00, 'Success', 'TXN060J', '2024-03-03 14:00:00'),
(61, 61, 'UPI', 3500.00, 'Success', 'TXN061K', '2024-01-09 11:00:00'),
(62, 62, 'Cash', 4200.00, 'Success', 'TXN062L', '2024-02-19 15:00:00'),
(63, 63, 'Card', 1850.00, 'Success', 'TXN063M', '2024-02-08 16:00:00'),
(64, 64, 'NetBanking', 2550.00, 'Success', 'TXN064N', '2024-03-11 12:00:00'),
(65, 65, 'UPI', 3300.00, 'Pending', 'TXN065O', '2024-01-29 14:00:00'),
(66, 66, 'Card', 2800.00, 'Success', 'TXN066P', '2024-01-19 16:00:00'),
(67, 67, 'NetBanking', 2700.00, 'Cancelled', 'TXN067Q', '2024-02-13 10:00:00'),
(68, 68, 'Cash', 3100.00, 'Success', 'TXN068R', '2024-03-04 12:00:00'),
(69, 69, 'UPI', 2850.00, 'Success', 'TXN069S', '2024-01-10 14:00:00'),
(70, 70, 'Card', 3550.00, 'Success', 'TXN070T', '2024-01-08 16:00:00'),
(71, 71, 'NetBanking', 4200.00, 'Success', 'TXN071U', '2024-02-25 11:00:00'),
(72, 72, 'Cash', 1900.00, 'Success', 'TXN072V', '2024-01-20 12:00:00'),
(73, 73, 'UPI', 2500.00, 'Pending', 'TXN073W', '2024-03-13 14:00:00'),
(74, 74, 'Card', 3250.00, 'Success', 'TXN074X', '2024-01-05 16:00:00'),
(75, 75, 'NetBanking', 2750.00, 'Cancelled', 'TXN075Y', '2024-02-16 11:00:00'),
(76, 76, 'Cash', 3100.00, 'Success', 'TXN076Z', '2024-02-02 10:00:00'),
(77, 77, 'UPI', 2850.00, 'Success', 'TXN077A', '2024-03-09 12:00:00'),
(78, 78, 'Card', 3550.00, 'Success', 'TXN078B', '2024-01-21 14:00:00'),
(79, 79, 'NetBanking', 4200.00, 'Success', 'TXN079C', '2024-02-06 16:00:00'),
(80, 80, 'Cash', 1850.00, 'Pending', 'TXN080D', '2024-02-07 13:00:00'),
(81, 81, 'UPI', 2600.00, 'Success', 'TXN081E', '2024-03-09 12:00:00'),
(82, 82, 'Card', 3300.00, 'Success', 'TXN082F', '2024-01-22 14:00:00'),
(83, 83, 'NetBanking', 2800.00, 'Cancelled', 'TXN083G', '2024-01-11 16:00:00'),
(84, 84, 'Cash', 3100.00, 'Success', 'TXN084H', '2024-02-04 10:00:00'),
(85, 85, 'UPI', 2850.00, 'Success', 'TXN085I', '2024-01-15 12:00:00'),
(86, 86, 'Card', 3550.00, 'Success', 'TXN086J', '2024-03-17 14:00:00'),
(87, 87, 'NetBanking', 4200.00, 'Success', 'TXN087K', '2024-01-14 16:00:00'),
(88, 88, 'Cash', 1850.00, 'Pending', 'TXN088L', '2024-02-08 11:00:00'),
(89, 89, 'UPI', 2550.00, 'Success', 'TXN089M', '2024-03-11 12:00:00'),
(90, 90, 'Card', 3200.00, 'Success', 'TXN090N', '2024-01-22 14:00:00'),
(91, 91, 'NetBanking', 2700.00, 'Cancelled', 'TXN091O', '2024-01-13 16:00:00'),
(92, 92, 'Cash', 3100.00, 'Success', 'TXN092P', '2024-02-01 10:00:00'),
(93, 93, 'UPI', 2850.00, 'Success', 'TXN093Q', '2024-01-25 12:00:00'),
(94, 94, 'Card', 3550.00, 'Success', 'TXN094R', '2024-03-05 14:00:00'),
(95, 95, 'NetBanking', 4200.00, 'Success', 'TXN095S', '2024-01-10 16:00:00'),
(96, 96, 'Cash', 1850.00, 'Pending', 'TXN096T', '2024-02-08 11:00:00'),
(97, 97, 'UPI', 2550.00, 'Success', 'TXN097U', '2024-03-11 12:00:00'),
(98, 98, 'Card', 3200.00, 'Success', 'TXN098V', '2024-01-22 14:00:00'),
(99, 99, 'NetBanking', 2750.00, 'Cancelled', 'TXN099W', '2024-01-12 16:00:00'),
(100, 100, 'Cash', 3100.00, 'Success', 'TXN100X', '2024-02-02 10:00:00'),
(101, 101, 'UPI', 3600.00, 'Success', 'TXN101Y', '2024-01-05 12:00:00'),
(102, 102, 'Card', 3100.00, 'Success', 'TXN102Z', '2024-01-12 14:00:00'),
(103, 103, 'NetBanking', 2750.00, 'Success', 'TXN103A', '2024-02-06 16:00:00'),
(104, 104, 'Cash', 3200.00, 'Success', 'TXN104B', '2024-02-13 12:00:00'),
(105, 105, 'UPI', 4100.00, 'Pending', 'TXN105C', '2024-03-15 15:00:00'),
(106, 106, 'Card', 3250.00, 'Success', 'TXN106D', '2024-01-17 17:00:00'),
(107, 107, 'NetBanking', 2750.00, 'Cancelled', 'TXN107E', '2024-01-20 13:00:00'),
(108, 108, 'Cash', 2600.00, 'Success', 'TXN108F', '2024-02-23 18:00:00'),
(109, 109, 'UPI', 3100.00, 'Success', 'TXN109G', '2024-01-21 10:00:00'),
(110, 110, 'Card', 2850.00, 'Success', 'TXN110H', '2024-03-03 14:00:00'),
(111, 111, 'UPI', 3500.00, 'Success', 'TXN111I', '2024-01-09 11:00:00'),
(112, 112, 'Cash', 4200.00, 'Success', 'TXN112J', '2024-02-19 15:00:00'),
(113, 113, 'Card', 1850.00, 'Success', 'TXN113K', '2024-02-08 16:00:00'),
(114, 114, 'NetBanking', 2550.00, 'Success', 'TXN114L', '2024-03-11 12:00:00'),
(115, 115, 'UPI', 3300.00, 'Pending', 'TXN115M', '2024-01-29 14:00:00'),
(116, 116, 'Card', 2800.00, 'Success', 'TXN116N', '2024-01-19 16:00:00'),
(117, 117, 'NetBanking', 2700.00, 'Cancelled', 'TXN117O', '2024-02-13 10:00:00'),
(118, 118, 'Cash', 3100.00, 'Success', 'TXN118P', '2024-03-04 12:00:00'),
(119, 119, 'UPI', 2850.00, 'Success', 'TXN119Q', '2024-01-10 14:00:00'),
(120, 120, 'Card', 3550.00, 'Success', 'TXN120R', '2024-01-08 16:00:00'),
(121, 121, 'NetBanking', 4200.00, 'Success', 'TXN121S', '2024-02-25 11:00:00'),
(122, 122, 'Cash', 1900.00, 'Success', 'TXN122T', '2024-01-20 12:00:00'),
(123, 123, 'UPI', 2500.00, 'Pending', 'TXN123U', '2024-03-13 14:00:00'),
(124, 124, 'Card', 3250.00, 'Success', 'TXN124V', '2024-01-05 16:00:00'),
(125, 125, 'NetBanking', 2750.00, 'Cancelled', 'TXN125W', '2024-02-16 11:00:00'),
(126, 126, 'Cash', 3100.00, 'Success', 'TXN126X', '2024-02-02 10:00:00'),
(127, 127, 'UPI', 2850.00, 'Success', 'TXN127Y', '2024-03-09 12:00:00'),
(128, 128, 'Card', 3550.00, 'Success', 'TXN128Z', '2024-01-21 14:00:00'),
(129, 129, 'NetBanking', 4200.00, 'Success', 'TXN129A', '2024-02-06 16:00:00'),
(130, 130, 'Cash', 1850.00, 'Pending', 'TXN130B', '2024-02-07 13:00:00'),
(131, 131, 'UPI', 2600.00, 'Success', 'TXN131C', '2024-03-09 12:00:00'),
(132, 132, 'Card', 3300.00, 'Success', 'TXN132D', '2024-01-22 14:00:00'),
(133, 133, 'NetBanking', 2800.00, 'Cancelled', 'TXN133E', '2024-01-11 16:00:00'),
(134, 134, 'Cash', 3100.00, 'Success', 'TXN134F', '2024-02-04 10:00:00'),
(135, 135, 'UPI', 2850.00, 'Success', 'TXN135G', '2024-01-15 12:00:00'),
(136, 136, 'Card', 3550.00, 'Success', 'TXN136H', '2024-03-17 14:00:00'),
(137, 137, 'NetBanking', 4200.00, 'Success', 'TXN137I', '2024-01-14 16:00:00'),
(138, 138, 'Cash', 1850.00, 'Pending', 'TXN138J', '2024-02-08 11:00:00'),
(139, 139, 'UPI', 2550.00, 'Success', 'TXN139K', '2024-03-11 12:00:00'),
(140, 140, 'Card', 3200.00, 'Success', 'TXN140L', '2024-01-22 14:00:00'),
(141, 141, 'NetBanking', 2700.00, 'Cancelled', 'TXN141M', '2024-01-13 16:00:00'),
(142, 142, 'Cash', 3100.00, 'Success', 'TXN142N', '2024-02-01 10:00:00'),
(143, 143, 'UPI', 2850.00, 'Success', 'TXN143O', '2024-01-25 12:00:00'),
(144, 144, 'Card', 3550.00, 'Success', 'TXN144P', '2024-03-05 14:00:00'),
(145, 145, 'NetBanking', 4200.00, 'Success', 'TXN145Q', '2024-01-10 16:00:00'),
(146, 146, 'Cash', 1850.00, 'Pending', 'TXN146R', '2024-02-08 11:00:00'),
(147, 147, 'UPI', 2550.00, 'Success', 'TXN147S', '2024-03-11 12:00:00'),
(148, 148, 'Card', 3200.00, 'Success', 'TXN148T', '2024-01-22 14:00:00'),
(149, 149, 'NetBanking', 2750.00, 'Cancelled', 'TXN149U', '2024-01-12 16:00:00'),
(150, 150, 'Cash', 3100.00, 'Success', 'TXN150V', '2024-02-02 10:00:00');

-- ----------------------------
-- TABLE: STAFF / ADMINS
-- ----------------------------
INSERT INTO staff (staff_id, username, password_hash, full_name, role, position, email, created_at) VALUES
(1, 'admin_aks', '$2b$12$bSyMiYYFU8.y2Kw4zlHRkOcJNbiNw5nv3IFrfn4Yf.0rhvRE4A3sK', 'Abheek Sarangi', 'Admin', 'Admin', 'abheek@aksarangi.netlify.app', '2023-11-01 09:00:00'),
(2, 'ramesh', '$2b$12$hJdpoEqG2UB9wGru1Xs88uCM3/oCsEPX8R6Cmla3m5r9vf72odn/q', 'Ramesh Patnaik', 'Admin', 'Manager', 'ramesh.p@aksarangi.netlify.app', '2023-11-02 10:00:00'),
(3, 'sunita', '$2b$12$q9ilN9noYDrMfhQdbv2MgeBwx91RpygC65eu5yza91c9Cb5oYUz.K', 'Sunita Das', 'Staff', 'Clerk', 'sunita.d@aksarangi.netlify.app', '2023-11-03 11:00:00'),
(4, 'raj', '$2b$12$9vo5UJWrjrwqC8cWNwGoH.oVFFx80MGQmNI4w6PUDPT4aRus7UJAq', 'Rajesh Mohanty', 'Staff', 'Clerk', 'rajesh.m@aksarangi.netlify.app', '2023-11-03 11:30:00'),
(5, 'neha', '$2b$12$D8SAPzGTqMRHDz7C8QaDPuIiyI5tMbTVmKCCS9QfHybfj3aEh5F2q', 'Neha Sinha', 'Staff', 'Clerk', 'neha.s@aksarangi.netlify.app', '2023-11-04 09:30:00'),
(6, 'somesh', '$2b$12$jPIqksv2pPvcDa2QU8Xo/uKipcdoI1ca4/PJNZucl732AmfJO/Yr2', 'Somesh Behera', 'Admin', 'Manager', 'somesh.b@aksarangi.netlify.app', '2023-11-05 10:00:00');
